family,model,n_truth,n_scored,n_missing,n_invalid,coverage,mean_f1,mean_mcc
RF00006,sincfold_published,2481,2481,0,0,1.0,0.5929519510418086,0.6052897985337623
RF00006,sincfold_retrained,2481,2481,0,0,1.0,0.3991859719462141,0.40335510611096376
RF00020,sincfold_published,19279,19279,0,0,1.0,0.6563473353038877,0.6700538322313975
RF00020,sincfold_retrained,19279,19279,0,0,1.0,0.5002595960248841,0.5046796380364781
RF00038,sincfold_published,8,8,0,0,1.0,0.7982309281169124,0.80231858508202
RF00038,sincfold_retrained,8,8,0,0,1.0,0.25008445681820296,0.2608350264887243
RF00044,sincfold_published,2,2,0,0,1.0,0.14285714285714285,0.19134183529156523
RF00044,sincfold_retrained,2,2,0,0,1.0,0.13172606568832984,0.1542591835802561
RF00048,sincfold_published,54,54,0,0,1.0,0.5545203555142739,0.5585505426598685
RF00048,sincfold_retrained,54,54,0,0,1.0,0.5101651895531416,0.5205249659276072
RF00072,sincfold_published,349,349,0,0,1.0,0.6037924097454684,0.6106776832624852
RF00072,sincfold_retrained,349,349,0,0,1.0,0.40852802645417113,0.4109654470183159
RF00078,sincfold_published,285,285,0,0,1.0,0.7076075193572671,0.7193713229684201
RF00078,sincfold_retrained,285,285,0,0,1.0,0.5951909635718363,0.5972303205059175
RF00088,sincfold_published,242,242,0,0,1.0,0.047201174291597245,0.05356875583206331
RF00088,sincfold_retrained,242,242,0,0,1.0,0.1150318090666195,0.12060293798774117
RF00099,sincfold_published,901,901,0,0,1.0,0.23021472922162697,0.25290759980497124
RF00099,sincfold_retrained,901,901,0,0,1.0,0.21291812178412733,0.280874715560875
RF00115,sincfold_published,108,108,0,0,1.0,0.5278575173135116,0.5552562790081385
RF00115,sincfold_retrained,108,108,0,0,1.0,0.581322745831885,0.5903160409068238
RF00124,sincfold_published,16,16,0,0,1.0,0.5049828461096355,0.5101294040779499
RF00124,sincfold_retrained,16,16,0,0,1.0,0.47372280902130326,0.481036795182916
RF00127,sincfold_published,4087,4087,0,0,1.0,0.6861289714827519,0.6980144976648998
RF00127,sincfold_retrained,4087,4087,0,0,1.0,0.5334499678466131,0.5374165578135984
RF00132,sincfold_published,990,990,0,0,1.0,0.35887910918335364,0.4005718555640625
RF00132,sincfold_retrained,990,990,0,0,1.0,0.29266849238545645,0.38617057503310354
RF00137,sincfold_published,858,858,0,0,1.0,0.6490350114033495,0.6635919861961563
RF00137,sincfold_retrained,858,858,0,0,1.0,0.5373663779158954,0.5524200018602605
RF00138,sincfold_published,999,999,0,0,1.0,0.3733987710834539,0.3936809321751153
RF00138,sincfold_retrained,999,999,0,0,1.0,0.4023181656496484,0.4046327786710056
RF00145,sincfold_published,454,454,0,0,1.0,0.27892994794666914,0.2876285965562754
RF00145,sincfold_retrained,454,454,0,0,1.0,0.11660595103331904,0.12011986280812943
RF00153,sincfold_published,522,522,0,0,1.0,0.3846268703611856,0.39998500188445857
RF00153,sincfold_retrained,522,522,0,0,1.0,0.37689678301379864,0.4318249520686147
RF00156,sincfold_published,4241,4241,0,0,1.0,0.3746708469093168,0.3834151567418189
RF00156,sincfold_retrained,4241,4241,0,0,1.0,0.16773657563405223,0.1702492150739273
RF00168,sincfold_published,15562,15562,0,0,1.0,0.5274021466122434,0.5523639851628375
RF00168,sincfold_retrained,15562,15562,0,0,1.0,0.5182698713965601,0.5237768568308471
RF00170,sincfold_published,85,85,0,0,1.0,0.5272054579988884,0.5601212215097408
RF00170,sincfold_retrained,85,85,0,0,1.0,0.31389134266729957,0.31994836845256586
RF00171,sincfold_published,19,19,0,0,1.0,0.4535543351959033,0.4762334729349216
RF00171,sincfold_retrained,19,19,0,0,1.0,0.24923971399314948,0.2572448723606828
RF00172,sincfold_published,267,267,0,0,1.0,0.6380199713527969,0.6654652511826805
RF00172,sincfold_retrained,267,267,0,0,1.0,0.2835423867987362,0.322673031025723
RF00175,sincfold_published,71,71,0,0,1.0,0.8426190491510728,0.8477686745881473
RF00175,sincfold_retrained,71,71,0,0,1.0,0.6653016798811924,0.6677479949640037
RF00176,sincfold_published,23,23,0,0,1.0,0.38073873568033745,0.4300392140508461
RF00176,sincfold_retrained,23,23,0,0,1.0,0.5569318984309348,0.5724406599009716
RF00179,sincfold_published,88,88,0,0,1.0,0.31188739448668473,0.3519528351213985
RF00179,sincfold_retrained,88,88,0,0,1.0,0.3375578245033673,0.3457142969042953
RF00180,sincfold_published,59,59,0,0,1.0,0.16766773715926253,0.1694382384611997
RF00180,sincfold_retrained,59,59,0,0,1.0,0.05696125907990314,0.057714898089242
RF00187,sincfold_published,253,253,0,0,1.0,0.5625018099918565,0.5878442823512248
RF00187,sincfold_retrained,253,253,0,0,1.0,0.5593427663035015,0.6216547906149821
RF00196,sincfold_published,4,4,0,0,1.0,0.9664031620553359,0.966979042898807
RF00196,sincfold_retrained,4,4,0,0,1.0,0.9399358974358974,0.9397678182272375
RF00198,sincfold_published,185,185,0,0,1.0,0.7347855740439214,0.7476536279348246
RF00198,sincfold_retrained,185,185,0,0,1.0,0.5453431686961865,0.5476394508910526
RF00201,sincfold_published,911,911,0,0,1.0,0.36284901752260984,0.37848110861127165
RF00201,sincfold_retrained,911,911,0,0,1.0,0.3396095488947888,0.3701908142122268
RF00214,sincfold_published,103,103,0,0,1.0,0.3358803495150889,0.37713656844362226
RF00214,sincfold_retrained,103,103,0,0,1.0,0.2180263070762905,0.23067829553165925
RF00215,sincfold_published,30,30,0,0,1.0,0.48948575123212823,0.49823378246997607
RF00215,sincfold_retrained,30,30,0,0,1.0,0.04919369898497033,0.053796445031563514
RF00218,sincfold_published,553,553,0,0,1.0,0.3505656937293063,0.37267024225868045
RF00218,sincfold_retrained,553,553,0,0,1.0,0.32873633797470764,0.40651538884965044
RF00225,sincfold_published,7,7,0,0,1.0,0.31182472989195675,0.3396334007567376
RF00225,sincfold_retrained,7,7,0,0,1.0,0.11134021606206522,0.11126109598959086
RF00228,sincfold_published,20,0,20,0,0.0,,
RF00228,sincfold_retrained,20,0,20,0,0.0,,
RF00232,sincfold_published,98,98,0,0,1.0,0.04411545032792208,0.05472911365561967
RF00232,sincfold_retrained,98,98,0,0,1.0,0.14345628450363052,0.1531547328747934
RF00233,sincfold_published,60,60,0,0,1.0,0.6575697328693507,0.680370880848865
RF00233,sincfold_retrained,60,60,0,0,1.0,0.5683244638203646,0.5803366876540377
RF00272,sincfold_published,487,487,0,0,1.0,0.2921744536531057,0.3086581956037496
RF00272,sincfold_retrained,487,487,0,0,1.0,0.15333800428718897,0.15331424117100623
RF00292,sincfold_published,22,22,0,0,1.0,0.13636363636363635,0.1448347270081483
RF00292,sincfold_retrained,22,22,0,0,1.0,0.0688000452706335,0.08598937422938789
RF00294,sincfold_published,21,21,0,0,1.0,0.0,-0.0004221141377625491
RF00294,sincfold_retrained,21,21,0,0,1.0,0.0,-0.0006140856525571721
RF00302,sincfold_published,895,895,0,0,1.0,0.38302445466254076,0.3974715010049602
RF00302,sincfold_retrained,895,895,0,0,1.0,0.3915298801322535,0.39214335886047763
RF00303,sincfold_published,772,772,0,0,1.0,0.4844571266358942,0.49854951585966534
RF00303,sincfold_retrained,772,772,0,0,1.0,0.14256742343118334,0.1437800913822214
RF00304,sincfold_published,738,738,0,0,1.0,0.41911147421879497,0.44911502141442355
RF00304,sincfold_retrained,738,738,0,0,1.0,0.37935527017751114,0.3912693197243284
RF00311,sincfold_published,74,74,0,0,1.0,0.5819116019782327,0.6028581668586372
RF00311,sincfold_retrained,74,74,0,0,1.0,0.4869405098291965,0.5434643018019387
RF00313,sincfold_published,16,16,0,0,1.0,0.798416458151113,0.8090294850592623
RF00313,sincfold_retrained,16,16,0,0,1.0,0.6155373730026273,0.6605173979695842
RF00320,sincfold_published,12,12,0,0,1.0,0.40852844051373466,0.42081344766471457
RF00320,sincfold_retrained,12,12,0,0,1.0,0.4100003946497635,0.462176026472753
RF00321,sincfold_published,5903,5903,0,0,1.0,0.04461445160811105,0.04563706751715606
RF00321,sincfold_retrained,5903,5903,0,0,1.0,0.02834766959277032,0.029094911168279346
RF00323,sincfold_published,3,3,0,0,1.0,0.7555555555555555,0.7563854236627506
RF00323,sincfold_retrained,3,3,0,0,1.0,0.8232323232323232,0.8289968271498015
RF00329,sincfold_published,104,104,0,0,1.0,0.6416848585143254,0.6507601624890983
RF00329,sincfold_retrained,104,104,0,0,1.0,0.5035998256598858,0.509456010297354
RF00336,sincfold_published,23,23,0,0,1.0,0.5265692381433097,0.5547445108331645
RF00336,sincfold_retrained,23,23,0,0,1.0,0.08089402344110028,0.08111952830346729
RF00338,sincfold_published,5,5,0,0,1.0,0.5316666666666666,0.5398421265606757
RF00338,sincfold_retrained,5,5,0,0,1.0,0.4489687154950313,0.4561761159608862
RF00341,sincfold_published,512,512,0,0,1.0,0.4949176575451603,0.536004418515515
RF00341,sincfold_retrained,512,512,0,0,1.0,0.4533726782070081,0.4777783093327185
RF00348,sincfold_published,91,91,0,0,1.0,0.09173683459397747,0.09443372358756055
RF00348,sincfold_retrained,91,91,0,0,1.0,0.0784375393813015,0.09833742668787401
RF00349,sincfold_published,602,602,0,0,1.0,0.6408413238989077,0.6582525817916542
RF00349,sincfold_retrained,602,602,0,0,1.0,0.5704561892446041,0.6262364207364858
RF00355,sincfold_published,222,222,0,0,1.0,0.2807927131456542,0.2941088662953352
RF00355,sincfold_retrained,222,222,0,0,1.0,0.37652167698876554,0.4174491007514137
RF00368,sincfold_published,231,231,0,0,1.0,0.7530444888542047,0.7613101993558932
RF00368,sincfold_retrained,231,231,0,0,1.0,0.7015257158613226,0.7033718660050342
RF00374,sincfold_published,44,44,0,0,1.0,0.4429605070829199,0.49233093316526
RF00374,sincfold_retrained,44,44,0,0,1.0,0.21807177698688596,0.2335744865689736
RF00383,sincfold_published,196,196,0,0,1.0,0.4315310268547291,0.45004169664447363
RF00383,sincfold_retrained,196,196,0,0,1.0,0.2630732387937771,0.2637781510759739
RF00384,sincfold_published,11,11,0,0,1.0,0.6795809704900614,0.6987957141335684
RF00384,sincfold_retrained,11,11,0,0,1.0,0.45458718376265944,0.4676652530223682
RF00389,sincfold_published,41,41,0,0,1.0,0.7598258598711345,0.7786334261699762
RF00389,sincfold_retrained,41,41,0,0,1.0,0.19687774843131833,0.2452877314927457
RF00393,sincfold_published,1221,1221,0,0,1.0,0.24578512292657279,0.2745282722426299
RF00393,sincfold_retrained,1221,1221,0,0,1.0,0.2706718512001738,0.27400607116825826
RF00403,sincfold_published,557,557,0,0,1.0,0.5932672582806772,0.5977555256890431
RF00403,sincfold_retrained,557,557,0,0,1.0,0.5231389317450316,0.5264709743643053
RF00420,sincfold_published,726,726,0,0,1.0,0.4913137561021006,0.5040773723970654
RF00420,sincfold_retrained,726,726,0,0,1.0,0.34274436923029994,0.345897849356492
RF00421,sincfold_published,528,528,0,0,1.0,0.4697461332804707,0.4794440241686039
RF00421,sincfold_retrained,528,528,0,0,1.0,0.4303609179257761,0.4363998430399047
RF00424,sincfold_published,679,679,0,0,1.0,0.5850143830445969,0.6009124773696438
RF00424,sincfold_retrained,679,679,0,0,1.0,0.3679089857416204,0.37034913957995313
RF00427,sincfold_published,354,354,0,0,1.0,0.4424329441181058,0.4620653914931135
RF00427,sincfold_retrained,354,354,0,0,1.0,0.398877792492711,0.4039241855769901
RF00434,sincfold_published,28,28,0,0,1.0,0.4992633271715228,0.5503731255862137
RF00434,sincfold_retrained,28,28,0,0,1.0,0.32434135182763585,0.3519888176044166
RF00448,sincfold_published,8,8,0,0,1.0,0.5642194045428935,0.5676148871031309
RF00448,sincfold_retrained,8,8,0,0,1.0,0.11117532385138018,0.10995926018720671
RF00449,sincfold_published,112,111,1,0,0.9910714285714286,0.4135229047544153,0.41800556820606716
RF00449,sincfold_retrained,112,111,1,0,0.9910714285714286,0.0691136919887776,0.06953141256907808
RF00457,sincfold_published,93,93,0,0,1.0,0.5019413966658837,0.5364614976356648
RF00457,sincfold_retrained,93,93,0,0,1.0,0.30858175434402857,0.31551966406406123
RF00459,sincfold_published,2777,2777,0,0,1.0,0.19456528963320255,0.2080206105292781
RF00459,sincfold_retrained,2777,2777,0,0,1.0,0.07799140239959065,0.07865033476854415
RF00460,sincfold_published,344,344,0,0,1.0,0.7987559276910481,0.8087353157874971
RF00460,sincfold_retrained,344,344,0,0,1.0,0.2613199245339825,0.2736182978192525
RF00463,sincfold_published,18,18,0,0,1.0,0.23269385100799397,0.2680243942256618
RF00463,sincfold_retrained,18,18,0,0,1.0,0.07979911986260405,0.09453192723638179
RF00470,sincfold_published,29,29,0,0,1.0,0.6189832390447506,0.6208762418209555
RF00470,sincfold_retrained,29,29,0,0,1.0,0.3396071434155516,0.3399224127812206
RF00484,sincfold_published,66,66,0,0,1.0,0.4826731887628721,0.5265565110441037
RF00484,sincfold_retrained,66,66,0,0,1.0,0.1878164715994981,0.19368855320499073
RF00495,sincfold_published,65,65,0,0,1.0,0.011996878045127106,0.0166577435917684
RF00495,sincfold_retrained,65,65,0,0,1.0,0.025847814568002617,0.02769248918842754
RF00504,sincfold_published,25727,25727,0,0,1.0,0.6828970465071732,0.6908287556725791
RF00504,sincfold_retrained,25727,25727,0,0,1.0,0.3728282685922684,0.3774248344374294
RF00520,sincfold_published,197,197,0,0,1.0,0.2838632134403203,0.3087721211671927
RF00520,sincfold_retrained,197,197,0,0,1.0,0.195593724410181,0.20030742223363526
RF00522,sincfold_published,1444,1444,0,0,1.0,0.7064894765898924,0.7147739421215725
RF00522,sincfold_retrained,1444,1444,0,0,1.0,0.43523065613256323,0.4433348322590523
RF00533,sincfold_published,38,38,0,0,1.0,0.04473684210526316,0.05065669627481514
RF00533,sincfold_retrained,38,38,0,0,1.0,0.10388811942136042,0.12253276812938708
RF00536,sincfold_published,43,43,0,0,1.0,0.08903654485049833,0.09327814360564302
RF00536,sincfold_retrained,43,43,0,0,1.0,0.2265292125415245,0.2413986361619309
RF00537,sincfold_published,46,46,0,0,1.0,0.17603917821309126,0.18162410292315626
RF00537,sincfold_retrained,46,46,0,0,1.0,0.1324208842936128,0.1575398016535886
RF00538,sincfold_published,54,54,0,0,1.0,0.49856897965773106,0.519738524254764
RF00538,sincfold_retrained,54,54,0,0,1.0,0.05888239695429238,0.05976468819104509
RF00541,sincfold_published,16,16,0,0,1.0,0.2985434934105702,0.31110806232692073
RF00541,sincfold_retrained,16,16,0,0,1.0,0.16305101862722293,0.16353702967369838
RF00549,sincfold_published,120,10,110,0,0.08333333333333333,0.04796431995051723,0.06143657428562453
RF00549,sincfold_retrained,120,10,110,0,0.08333333333333333,0.09720532963280895,0.09749004769163058
RF00550,sincfold_published,46,46,0,0,1.0,0.44571162550564764,0.46020646359644823
RF00550,sincfold_retrained,46,46,0,0,1.0,0.0567346126044668,0.06277291418293468
RF00559,sincfold_published,2354,2354,0,0,1.0,0.36443304554362116,0.39544398650992363
RF00559,sincfold_retrained,2354,2354,0,0,1.0,0.32377776340121117,0.3331125040390531
RF00582,sincfold_published,702,702,0,0,1.0,0.5607276947859382,0.5813842265941586
RF00582,sincfold_retrained,702,702,0,0,1.0,0.38100940306642084,0.38454461904891735
RF00614,sincfold_published,1555,1555,0,0,1.0,0.38208587144458206,0.4030769711968421
RF00614,sincfold_retrained,1555,1555,0,0,1.0,0.34279049824510816,0.34436505630673037
RF00616,sincfold_published,148,148,0,0,1.0,0.809985777193884,0.8147469849963759
RF00616,sincfold_retrained,148,148,0,0,1.0,0.7652225788016693,0.7718871024499578
RF00620,sincfold_published,51,51,0,0,1.0,0.5508903624650189,0.5685256690088757
RF00620,sincfold_retrained,51,51,0,0,1.0,0.5537027419925095,0.5532785056891404
RF00621,sincfold_published,70,70,0,0,1.0,0.237313920196635,0.24938561178434648
RF00621,sincfold_retrained,70,70,0,0,1.0,0.1366451998250922,0.137947494178653
RF00630,sincfold_published,854,854,0,0,1.0,0.829636474136029,0.8359983123693959
RF00630,sincfold_retrained,854,854,0,0,1.0,0.8070157091052875,0.8102828865058656
RF00635,sincfold_published,126,126,0,0,1.0,0.0,0.0
RF00635,sincfold_retrained,126,126,0,0,1.0,0.0,0.0
RF00636,sincfold_published,492,492,0,0,1.0,0.4038190951062803,0.4187235581261389
RF00636,sincfold_retrained,492,492,0,0,1.0,0.07924969160477023,0.07862921932682114
RF00652,sincfold_published,977,977,0,0,1.0,0.0,0.0
RF00652,sincfold_retrained,977,977,0,0,1.0,0.0,0.0
RF00782,sincfold_published,2984,2984,0,0,1.0,0.05090815644677326,0.05532498655224301
RF00782,sincfold_retrained,2984,2984,0,0,1.0,0.04408160786761287,0.04418247594275028
RF00807,sincfold_published,17,17,0,0,1.0,0.7255462742896543,0.7348912665513757
RF00807,sincfold_retrained,17,17,0,0,1.0,0.6143135735510142,0.6221610727065692
RF00940,sincfold_published,4,4,0,0,1.0,0.6019841269841271,0.6005174099916025
RF00940,sincfold_retrained,4,4,0,0,1.0,0.3040509259259259,0.31032796948619445
RF00957,sincfold_published,54,54,0,0,1.0,0.47442482874210473,0.4901167414080771
RF00957,sincfold_retrained,54,54,0,0,1.0,0.42310775856926663,0.4280629144901649
RF00999,sincfold_published,5,5,0,0,1.0,0.4542114695340501,0.4725796249425077
RF00999,sincfold_retrained,5,5,0,0,1.0,0.44016492298750365,0.4356445859537028
RF01032,sincfold_published,11,11,0,0,1.0,0.5878389647870167,0.6177272803744672
RF01032,sincfold_retrained,11,11,0,0,1.0,0.6291165289421715,0.6339100287244833
RF01051,sincfold_published,22210,22210,0,0,1.0,0.753680476246396,0.7665052758846075
RF01051,sincfold_retrained,22210,22210,0,0,1.0,0.4690988750973447,0.48275179475128494
RF01053,sincfold_published,2,2,0,0,1.0,0.9415598066007989,0.9418213288412907
RF01053,sincfold_retrained,2,2,0,0,1.0,0.681159420289855,0.6804457313110871
RF01055,sincfold_published,4355,4355,0,0,1.0,0.5428403412922819,0.571794040385884
RF01055,sincfold_retrained,4355,4355,0,0,1.0,0.4283515829520685,0.439173368519966
RF01057,sincfold_published,4964,4964,0,0,1.0,0.7257452871298871,0.7342427555087998
RF01057,sincfold_retrained,4964,4964,0,0,1.0,0.37763434632363374,0.38378919864163613
RF01073,sincfold_published,1356,1356,0,0,1.0,0.1371347777124603,0.14322602114841484
RF01073,sincfold_retrained,1356,1356,0,0,1.0,0.3219996635757637,0.32437092105045373
RF01076,sincfold_published,3,3,0,0,1.0,0.8444414156558085,0.848999385041476
RF01076,sincfold_retrained,3,3,0,0,1.0,0.6394993894993894,0.6406104162787006
RF01088,sincfold_published,3,3,0,0,1.0,0.693032212885154,0.6930794328864979
RF01088,sincfold_retrained,3,3,0,0,1.0,0.49885057471264366,0.509062429405079
RF01090,sincfold_published,33,33,0,0,1.0,0.5473360671488403,0.5637878099279225
RF01090,sincfold_retrained,33,33,0,0,1.0,0.4668707001930097,0.47421137335910724
RF01092,sincfold_published,1,1,0,0,1.0,0.2857142857142857,0.2829715539534519
RF01092,sincfold_retrained,1,1,0,0,1.0,0.6666666666666666,0.6823245000192453
RF01094,sincfold_published,2,2,0,0,1.0,0.8333333333333333,0.8532711328789757
RF01094,sincfold_retrained,2,2,0,0,1.0,0.48221670802315963,0.5198582414144884
RF01096,sincfold_published,2,2,0,0,1.0,0.9473684210526315,0.9483676483194755
RF01096,sincfold_retrained,2,2,0,0,1.0,0.9206349206349206,0.9234861824456944
RF01097,sincfold_published,1799,1799,0,0,1.0,0.48040470032400384,0.48819723767965906
RF01097,sincfold_retrained,1799,1799,0,0,1.0,0.4002203594629174,0.4104037132808652
RF01098,sincfold_published,4,4,0,0,1.0,0.16666666666666666,0.16647890026198386
RF01098,sincfold_retrained,4,4,0,0,1.0,0.08333333333333333,0.10991408263577106
RF01103,sincfold_published,2,2,0,0,1.0,1.0,1.0
RF01103,sincfold_retrained,2,2,0,0,1.0,0.8012820512820513,0.8153253123305537
RF01105,sincfold_published,1,1,0,0,1.0,0.6666666666666666,0.7030194245105843
RF01105,sincfold_retrained,1,1,0,0,1.0,0.6153846153846154,0.6618461647704288
RF01108,sincfold_published,1,1,0,0,1.0,0.0,-0.013953639304648689
RF01108,sincfold_retrained,1,1,0,0,1.0,0.6666666666666666,0.6662862767969749
RF01113,sincfold_published,3,3,0,0,1.0,0.0,-0.009256135126674976
RF01113,sincfold_retrained,3,3,0,0,1.0,0.0,-0.014947239058919698
RF01116,sincfold_published,550,550,0,0,1.0,0.8446543916550767,0.8497600887165689
RF01116,sincfold_retrained,550,550,0,0,1.0,0.870961569349117,0.8750392779175657
RF01146,sincfold_published,2,2,0,0,1.0,0.0,0.0
RF01146,sincfold_retrained,2,2,0,0,1.0,0.0,0.0
RF01151,sincfold_published,95,95,0,0,1.0,0.0,0.0
RF01151,sincfold_retrained,95,95,0,0,1.0,0.0,0.0
RF01155,sincfold_published,357,357,0,0,1.0,0.0,0.0
RF01155,sincfold_retrained,357,357,0,0,1.0,0.0,0.0
RF01161,sincfold_published,300,300,0,0,1.0,0.0,0.0
RF01161,sincfold_retrained,300,300,0,0,1.0,0.0,0.0
RF01163,sincfold_published,227,227,0,0,1.0,0.0,0.0
RF01163,sincfold_retrained,227,227,0,0,1.0,0.0,0.0
RF01167,sincfold_published,9,9,0,0,1.0,0.0,-0.001655100132101858
RF01167,sincfold_retrained,9,9,0,0,1.0,0.18503160257546222,0.2051789149064186
RF01174,sincfold_published,109,109,0,0,1.0,0.0,0.0
RF01174,sincfold_retrained,109,109,0,0,1.0,0.0,0.0
RF01180,sincfold_published,36,36,0,0,1.0,0.4760575542054028,0.5176979809132038
RF01180,sincfold_retrained,36,36,0,0,1.0,0.3390127922833016,0.3515053413404062
RF01193,sincfold_published,359,359,0,0,1.0,0.4790670632145883,0.5247516315292091
RF01193,sincfold_retrained,359,359,0,0,1.0,0.4282046972361843,0.5134843892948375
RF01205,sincfold_published,5,5,0,0,1.0,0.31333333333333335,0.3326997991999684
RF01205,sincfold_retrained,5,5,0,0,1.0,0.21084797555385792,0.27564654757369084
RF01206,sincfold_published,538,538,0,0,1.0,0.3871168239886068,0.41151732434885446
RF01206,sincfold_retrained,538,538,0,0,1.0,0.3314380250080827,0.3394809526231743
RF01210,sincfold_published,13452,13452,0,0,1.0,0.0,0.0
RF01210,sincfold_retrained,13452,13452,0,0,1.0,0.0,0.0
RF01216,sincfold_published,45,45,0,0,1.0,0.1580394913728247,0.18010144817306883
RF01216,sincfold_retrained,45,45,0,0,1.0,0.13322939529816485,0.20793870873366613
RF01219,sincfold_published,1696,1696,0,0,1.0,0.20567604915097798,0.22233552160332032
RF01219,sincfold_retrained,1696,1696,0,0,1.0,0.09770998759404774,0.09696545779569912
RF01220,sincfold_published,459,459,0,0,1.0,0.44300479313883595,0.4582825663515215
RF01220,sincfold_retrained,459,459,0,0,1.0,0.4048630911961118,0.40775998561118415
RF01227,sincfold_published,832,832,0,0,1.0,0.39650616780399217,0.418852048745415
RF01227,sincfold_retrained,832,832,0,0,1.0,0.28930999571918503,0.2981498799906119
RF01228,sincfold_published,421,421,0,0,1.0,0.48790715516882566,0.5013947814947212
RF01228,sincfold_retrained,421,421,0,0,1.0,0.33506133764977364,0.336199298445062
RF01232,sincfold_published,19,19,0,0,1.0,0.16510039667934406,0.18090852492552748
RF01232,sincfold_retrained,19,19,0,0,1.0,0.047208931419457735,0.049860933776908284
RF01237,sincfold_published,31,31,0,0,1.0,0.5585290956461263,0.5698320033284074
RF01237,sincfold_retrained,31,31,0,0,1.0,0.4410759671387332,0.4426842015674022
RF01240,sincfold_published,34,34,0,0,1.0,0.5155745503342386,0.5225478288448749
RF01240,sincfold_retrained,34,34,0,0,1.0,0.30376972711055084,0.30791527045141787
RF01245,sincfold_published,9,9,0,0,1.0,0.6835813328019941,0.7025294266928256
RF01245,sincfold_retrained,9,9,0,0,1.0,0.3866843014582067,0.39117588546575205
RF01246,sincfold_published,6,6,0,0,1.0,0.5876824440790941,0.5916333498872488
RF01246,sincfold_retrained,6,6,0,0,1.0,0.43929294570730804,0.4410743112001923
RF01247,sincfold_published,151,151,0,0,1.0,0.24961279985955556,0.2636484529695542
RF01247,sincfold_retrained,151,151,0,0,1.0,0.22432407423660775,0.22615546336323672
RF01248,sincfold_published,87,87,0,0,1.0,0.4426928686246998,0.46090507436315264
RF01248,sincfold_retrained,87,87,0,0,1.0,0.30287515660866593,0.3046078851007774
RF01252,sincfold_published,79,79,0,0,1.0,0.3435170630318352,0.3592194289142263
RF01252,sincfold_retrained,79,79,0,0,1.0,0.26383560862543626,0.2664588910838673
RF01254,sincfold_published,42,42,0,0,1.0,0.24837940279458076,0.2581631946978832
RF01254,sincfold_retrained,42,42,0,0,1.0,0.196059956574901,0.1963835393116048
RF01260,sincfold_published,27,27,0,0,1.0,0.3668595369484868,0.3919647103257459
RF01260,sincfold_retrained,27,27,0,0,1.0,0.2390680961886691,0.2389780152937888
RF01269,sincfold_published,389,389,0,0,1.0,0.2719876285676885,0.2876188046594672
RF01269,sincfold_retrained,389,389,0,0,1.0,0.3450807562988309,0.34944970864574276
RF01302,sincfold_published,672,672,0,0,1.0,0.541536692465966,0.5594692199477889
RF01302,sincfold_retrained,672,672,0,0,1.0,0.4915121671472524,0.564611252183162
RF01315,sincfold_published,464,464,0,0,1.0,0.16541949429880462,0.18091372682119475
RF01315,sincfold_retrained,464,464,0,0,1.0,0.3420542570952588,0.341809640924443
RF01316,sincfold_published,125,125,0,0,1.0,0.06611428571428572,0.07084512017074839
RF01316,sincfold_retrained,125,125,0,0,1.0,0.1570444666444666,0.15767189529184578
RF01319,sincfold_published,57,57,0,0,1.0,0.633077546235441,0.6577103180764226
RF01319,sincfold_retrained,57,57,0,0,1.0,0.5790603159024216,0.6219400660617229
RF01320,sincfold_published,159,159,0,0,1.0,0.3886065716254394,0.3997945488959639
RF01320,sincfold_retrained,159,159,0,0,1.0,0.034420394215066805,0.0297330408902634
RF01327,sincfold_published,13,13,0,0,1.0,0.0,0.0
RF01327,sincfold_retrained,13,13,0,0,1.0,0.0,0.0
RF01332,sincfold_published,9,9,0,0,1.0,0.7955229955229955,0.8107754052581352
RF01332,sincfold_retrained,9,9,0,0,1.0,0.2769195716564138,0.271580495616002
RF01337,sincfold_published,101,101,0,0,1.0,0.25421893837735426,0.2570747170349478
RF01337,sincfold_retrained,101,101,0,0,1.0,0.1095860135464096,0.10090111200486375
RF01339,sincfold_published,115,115,0,0,1.0,0.39994478951000617,0.48790541451783837
RF01339,sincfold_retrained,115,115,0,0,1.0,0.6849619945272113,0.7179355674005321
RF01341,sincfold_published,4,4,0,0,1.0,0.3214285714285714,0.3504590000317775
RF01341,sincfold_retrained,4,4,0,0,1.0,0.0,-0.004232558907537411
RF01348,sincfold_published,5,5,0,0,1.0,0.2,0.19679291103480676
RF01348,sincfold_retrained,5,5,0,0,1.0,0.16,0.15742983431301963
RF01349,sincfold_published,3,3,0,0,1.0,0.6312636165577342,0.6369070478695588
RF01349,sincfold_retrained,3,3,0,0,1.0,0.6621285316937491,0.6580527776083575
RF01352,sincfold_published,54,54,0,0,1.0,0.0,0.0
RF01352,sincfold_retrained,54,54,0,0,1.0,0.0,0.0
RF01353,sincfold_published,13,13,0,0,1.0,0.2446886446886447,0.26197733857027666
RF01353,sincfold_retrained,13,13,0,0,1.0,0.0912087912087912,0.09271893869396232
RF01355,sincfold_published,5,5,0,0,1.0,0.25555555555555554,0.27324943427189874
RF01355,sincfold_retrained,5,5,0,0,1.0,0.13333333333333333,0.13868509211608768
RF01360,sincfold_published,4,4,0,0,1.0,0.95,0.953815567360517
RF01360,sincfold_retrained,4,4,0,0,1.0,0.8373015873015873,0.8542714171111683
RF01364,sincfold_published,2,2,0,0,1.0,0.45454545454545453,0.4542597032293678
RF01364,sincfold_retrained,2,2,0,0,1.0,0.0,-0.0018486846666163391
RF01365,sincfold_published,1,1,0,0,1.0,0.8571428571428571,0.8556254064600043
RF01365,sincfold_retrained,1,1,0,0,1.0,0.8333333333333334,0.8438746866143398
RF01366,sincfold_published,6,6,0,0,1.0,0.9080882352941178,0.9113350849958456
RF01366,sincfold_retrained,6,6,0,0,1.0,0.7549707602339181,0.7537886529703274
RF01371,sincfold_published,12,12,0,0,1.0,0.06944444444444445,0.06418848134613235
RF01371,sincfold_retrained,12,12,0,0,1.0,0.25168650793650793,0.25793966652935524
RF01377,sincfold_published,1,1,0,0,1.0,0.0,0.0
RF01377,sincfold_retrained,1,1,0,0,1.0,0.0,-0.006760600502665283
RF01378,sincfold_published,2,2,0,0,1.0,0.5,0.4971718185123501
RF01378,sincfold_retrained,2,2,0,0,1.0,0.3375,0.33761919238618254
RF01381,sincfold_published,20,20,0,0,1.0,0.9597222222222224,0.9617319394395037
RF01381,sincfold_retrained,20,20,0,0,1.0,0.7963702963702965,0.8106149109634128
RF01385,sincfold_published,159,159,0,0,1.0,0.12257226990123299,0.13440225339829698
RF01385,sincfold_retrained,159,159,0,0,1.0,0.08252299949962764,0.08218252136870195
RF01392,sincfold_published,18,18,0,0,1.0,0.7430407950290989,0.7535378537406908
RF01392,sincfold_retrained,18,18,0,0,1.0,0.057817560861039126,0.056126505778400025
RF01396,sincfold_published,547,547,0,0,1.0,0.3467263945522095,0.35796983490191664
RF01396,sincfold_retrained,547,547,0,0,1.0,0.08154514255643965,0.08252029390978502
RF01398,sincfold_published,8,8,0,0,1.0,0.9009752461133674,0.9034034770952639
RF01398,sincfold_retrained,8,8,0,0,1.0,0.4049279702699001,0.42078311673964097
RF01399,sincfold_published,11,11,0,0,1.0,0.10742423553592519,0.13958624618765003
RF01399,sincfold_retrained,11,11,0,0,1.0,0.19558953618456945,0.21397894280339444
RF01404,sincfold_published,2,2,0,0,1.0,0.9827586206896552,0.9829607207919985
RF01404,sincfold_retrained,2,2,0,0,1.0,0.3598014888337469,0.3594287216164158
RF01406,sincfold_published,14,14,0,0,1.0,0.803733128109177,0.8098344509331213
RF01406,sincfold_retrained,14,14,0,0,1.0,0.4926911587325617,0.4932615979616206
RF01410,sincfold_published,1334,1334,0,0,1.0,0.4299199662943073,0.4530394793922499
RF01410,sincfold_retrained,1334,1334,0,0,1.0,0.35070079777630914,0.35923545111732946
RF01411,sincfold_published,591,591,0,0,1.0,0.5803184315032355,0.6075648612628561
RF01411,sincfold_retrained,591,591,0,0,1.0,0.4701123902585719,0.4776152063662555
RF01414,sincfold_published,131,131,0,0,1.0,0.5022597581533368,0.5072131464057928
RF01414,sincfold_retrained,131,131,0,0,1.0,0.453564733884612,0.4610577923228209
RF01440,sincfold_published,3,3,0,0,1.0,0.6056214317083882,0.6091604077979468
RF01440,sincfold_retrained,3,3,0,0,1.0,0.32577725862211365,0.32690554295565616
RF01448,sincfold_published,2,2,0,0,1.0,0.6964285714285714,0.69884022641353
RF01448,sincfold_retrained,2,2,0,0,1.0,0.34596211365902296,0.35366003697001225
RF01451,sincfold_published,1,1,0,0,1.0,1.0,1.0
RF01451,sincfold_retrained,1,1,0,0,1.0,0.2608695652173913,0.2615741814962317
RF01452,sincfold_published,5,5,0,0,1.0,0.44716113830792265,0.47163416619307397
RF01452,sincfold_retrained,5,5,0,0,1.0,0.578224957499284,0.5812002233150958
RF01453,sincfold_published,3,3,0,0,1.0,0.8711321441572624,0.8809067134500301
RF01453,sincfold_retrained,3,3,0,0,1.0,0.3836129148629149,0.4059738775965244
RF01454,sincfold_published,3,3,0,0,1.0,0.9213461902060881,0.9226388207853048
RF01454,sincfold_retrained,3,3,0,0,1.0,0.4113029827315542,0.41164022377455906
RF01462,sincfold_published,7,7,0,0,1.0,0.827936846784052,0.839459476209966
RF01462,sincfold_retrained,7,7,0,0,1.0,0.2945484356097071,0.30003430037216205
RF01471,sincfold_published,47,47,0,0,1.0,0.05797560292162551,0.05874167371970718
RF01471,sincfold_retrained,47,47,0,0,1.0,0.01530934567824123,0.014690788161124164
RF01475,sincfold_published,15,15,0,0,1.0,0.5015406013548429,0.5619353459056291
RF01475,sincfold_retrained,15,15,0,0,1.0,0.052764163372859024,0.05158229565271014
RF01483,sincfold_published,5,5,0,0,1.0,0.9252345924550192,0.9264869617715004
RF01483,sincfold_retrained,5,5,0,0,1.0,0.6359651669085631,0.646030234903343
RF01484,sincfold_published,4,4,0,0,1.0,0.010416666666666666,0.01803191651709485
RF01484,sincfold_retrained,4,4,0,0,1.0,0.1556828729947282,0.16742231760197035
RF01507,sincfold_published,317,317,0,0,1.0,0.0,0.0
RF01507,sincfold_retrained,317,317,0,0,1.0,0.0,0.0
RF01508,sincfold_published,8,8,0,0,1.0,0.4788408447898988,0.531463603297683
RF01508,sincfold_retrained,8,8,0,0,1.0,0.3450835804635571,0.36431766475503147
RF01515,sincfold_published,516,516,0,0,1.0,0.0,0.0
RF01515,sincfold_retrained,516,516,0,0,1.0,0.0,0.0
RF01517,sincfold_published,154,154,0,0,1.0,0.5811078675918137,0.5956215379570112
RF01517,sincfold_retrained,154,154,0,0,1.0,0.3056703393693626,0.31083560509600355
RF01519,sincfold_published,50,50,0,0,1.0,0.9004674965333193,0.9031745041122321
RF01519,sincfold_retrained,50,50,0,0,1.0,0.8714816091612427,0.8780609715942106
RF01520,sincfold_published,6,6,0,0,1.0,0.43650986359319693,0.44181274477627946
RF01520,sincfold_retrained,6,6,0,0,1.0,0.28280796352484194,0.2831904253967603
RF01521,sincfold_published,67,67,0,0,1.0,0.8110623562083402,0.8211115923034266
RF01521,sincfold_retrained,67,67,0,0,1.0,0.8189076456960155,0.8229783221790962
RF01524,sincfold_published,17,17,0,0,1.0,0.6150085176154125,0.63223744024698
RF01524,sincfold_retrained,17,17,0,0,1.0,0.5548758358265655,0.5599339933014138
RF01532,sincfold_published,17,17,0,0,1.0,0.7915233082089181,0.794923163249763
RF01532,sincfold_retrained,17,17,0,0,1.0,0.5570677283582606,0.557713662617403
RF01538,sincfold_published,20,20,0,0,1.0,0.2409593718986573,0.27856875411427234
RF01538,sincfold_retrained,20,20,0,0,1.0,0.30171303730134513,0.3220551518587137
RF01540,sincfold_published,26,26,0,0,1.0,0.6377043298501925,0.6495860545298104
RF01540,sincfold_retrained,26,26,0,0,1.0,0.4791539274485767,0.47917249014999314
RF01542,sincfold_published,14,14,0,0,1.0,0.23558423161234537,0.2649801634496002
RF01542,sincfold_retrained,14,14,0,0,1.0,0.21188752373573208,0.2209779794461379
RF01548,sincfold_published,28,28,0,0,1.0,0.8353679008567896,0.8434753257361752
RF01548,sincfold_retrained,28,28,0,0,1.0,0.4597030418258198,0.47180619289664955
RF01549,sincfold_published,22,22,0,0,1.0,0.7508293765763038,0.7647063515198774
RF01549,sincfold_retrained,22,22,0,0,1.0,0.5912708795237213,0.595499369646942
RF01554,sincfold_published,23,23,0,0,1.0,0.5972582282288985,0.615394204480982
RF01554,sincfold_retrained,23,23,0,0,1.0,0.47963306625595753,0.49662123014038073
RF01558,sincfold_published,15,15,0,0,1.0,0.6504585473468129,0.6665062078150995
RF01558,sincfold_retrained,15,15,0,0,1.0,0.4637065338712618,0.4782973058788929
RF01560,sincfold_published,6,6,0,0,1.0,0.0,0.0
RF01560,sincfold_retrained,6,6,0,0,1.0,0.0,0.0
RF01564,sincfold_published,1,1,0,0,1.0,0.0,0.0
RF01564,sincfold_retrained,1,1,0,0,1.0,0.0,0.0
RF01568,sincfold_published,2,2,0,0,1.0,0.917910447761194,0.9180687246598497
RF01568,sincfold_retrained,2,2,0,0,1.0,0.4747983870967742,0.47840665625895484
RF01573,sincfold_published,2,2,0,0,1.0,0.0,0.0
RF01573,sincfold_retrained,2,2,0,0,1.0,0.0,0.0
RF01576,sincfold_published,1,1,0,0,1.0,0.0,0.0
RF01576,sincfold_retrained,1,1,0,0,1.0,0.0,0.0
RF01585,sincfold_published,14,14,0,0,1.0,0.14523809523809522,0.15308120551872167
RF01585,sincfold_retrained,14,14,0,0,1.0,0.0,-0.0012564140567041299
RF01595,sincfold_published,13,13,0,0,1.0,0.13675213675213674,0.13669842848498404
RF01595,sincfold_retrained,13,13,0,0,1.0,0.0,-0.001108953191478364
RF01597,sincfold_published,17,17,0,0,1.0,0.4404830463653992,0.45589792182885996
RF01597,sincfold_retrained,17,17,0,0,1.0,0.09180035650623886,0.09287259903652742
RF01610,sincfold_published,20,20,0,0,1.0,0.7155249730007317,0.7193982423901278
RF01610,sincfold_retrained,20,20,0,0,1.0,0.583446945624173,0.5869691806830903
RF01614,sincfold_published,10,10,0,0,1.0,0.6321193789323102,0.6375158151302903
RF01614,sincfold_retrained,10,10,0,0,1.0,0.462434974038248,0.46203738048092424
RF01620,sincfold_published,18,18,0,0,1.0,0.6656969544152019,0.6766965288533879
RF01620,sincfold_retrained,18,18,0,0,1.0,0.56700001310271,0.5706075450570051
RF01624,sincfold_published,11,11,0,0,1.0,0.44285714285714284,0.4515947885624811
RF01624,sincfold_retrained,11,11,0,0,1.0,0.0,-0.0014298669025509074
RF01627,sincfold_published,27,27,0,0,1.0,0.300072079508145,0.3232442838232088
RF01627,sincfold_retrained,27,27,0,0,1.0,0.3992206589323128,0.3998575213442603
RF01628,sincfold_published,8,8,0,0,1.0,0.7457310343802671,0.7522622718460703
RF01628,sincfold_retrained,8,8,0,0,1.0,0.5679346354306345,0.5681306598508996
RF01630,sincfold_published,35,35,0,0,1.0,0.4927464788286856,0.5659154859998998
RF01630,sincfold_retrained,35,35,0,0,1.0,0.2914773723651527,0.4053188014011273
RF01637,sincfold_published,58,58,0,0,1.0,0.2937418757336611,0.3859775908116869
RF01637,sincfold_retrained,58,58,0,0,1.0,0.19549482451887182,0.3194661433227657
RF01649,sincfold_published,9,9,0,0,1.0,0.7067699252918467,0.7306125006825434
RF01649,sincfold_retrained,9,9,0,0,1.0,0.5668503920506662,0.5712537333479225
RF01651,sincfold_published,10,10,0,0,1.0,0.5225055646108278,0.558351770394703
RF01651,sincfold_retrained,10,10,0,0,1.0,0.4053993943199341,0.5034049116512619
RF01655,sincfold_published,22,22,0,0,1.0,0.136798652205231,0.17738719358632082
RF01655,sincfold_retrained,22,22,0,0,1.0,0.393969491876677,0.4068558699751892
RF01659,sincfold_published,9,9,0,0,1.0,0.31138149943244076,0.3190980400009965
RF01659,sincfold_retrained,9,9,0,0,1.0,0.2312063403775464,0.22937763337297426
RF01665,sincfold_published,2,2,0,0,1.0,0.821969696969697,0.8284601814302643
RF01665,sincfold_retrained,2,2,0,0,1.0,0.6107419712070875,0.623791290647816
RF01668,sincfold_published,705,705,0,0,1.0,0.27153316422183743,0.3040633235292347
RF01668,sincfold_retrained,705,705,0,0,1.0,0.16019527579178558,0.16547289676138824
RF01669,sincfold_published,564,564,0,0,1.0,0.32330525798325394,0.3434819310890027
RF01669,sincfold_retrained,564,564,0,0,1.0,0.23072284215223254,0.23234394467716776
RF01671,sincfold_published,25,25,0,0,1.0,0.22456787364437075,0.23891224630815533
RF01671,sincfold_retrained,25,25,0,0,1.0,0.021049048037016693,0.019617760263418316
RF01680,sincfold_published,2,2,0,0,1.0,0.717948717948718,0.7603277719322219
RF01680,sincfold_retrained,2,2,0,0,1.0,0.23992673992673993,0.3385780998334671
RF01686,sincfold_published,52,52,0,0,1.0,0.8728602956700284,0.873112041294491
RF01686,sincfold_retrained,52,52,0,0,1.0,0.8475837167870455,0.8486419472721434
RF01690,sincfold_published,12943,12943,0,0,1.0,0.6974426325953204,0.711244566312294
RF01690,sincfold_retrained,12943,12943,0,0,1.0,0.5735289298950338,0.5784991976460432
RF01691,sincfold_published,237,237,0,0,1.0,0.8098483887607358,0.8149291147212269
RF01691,sincfold_retrained,237,237,0,0,1.0,0.6327223345293963,0.6420846175409933
RF01692,sincfold_published,662,662,0,0,1.0,0.2995167847734955,0.3212072367591157
RF01692,sincfold_retrained,662,662,0,0,1.0,0.1501021232587936,0.15232180829969522
RF01697,sincfold_published,142,142,0,0,1.0,0.7935569342804358,0.8083130248225647
RF01697,sincfold_retrained,142,142,0,0,1.0,0.5623435460972513,0.5860654400560482
RF01701,sincfold_published,1406,1406,0,0,1.0,0.7323885088757595,0.7389996806591648
RF01701,sincfold_retrained,1406,1406,0,0,1.0,0.5420286679545833,0.5483532482520872
RF01706,sincfold_published,7139,7139,0,0,1.0,0.7040851673142579,0.7097264711593428
RF01706,sincfold_retrained,7139,7139,0,0,1.0,0.5430167349014993,0.5440941327413406
RF01711,sincfold_published,62,62,0,0,1.0,0.5440779650457072,0.5517334251807628
RF01711,sincfold_retrained,62,62,0,0,1.0,0.14442779358432492,0.14623498694618514
RF01716,sincfold_published,37,37,0,0,1.0,0.8297735122072181,0.8392287101328799
RF01716,sincfold_retrained,37,37,0,0,1.0,0.8762470853775203,0.8785828317745225
RF01721,sincfold_published,677,677,0,0,1.0,0.7880289597412534,0.7930528424169352
RF01721,sincfold_retrained,677,677,0,0,1.0,0.646498760826337,0.6488919286994831
RF01724,sincfold_published,92,92,0,0,1.0,0.6764890897055859,0.6863606851713083
RF01724,sincfold_retrained,92,92,0,0,1.0,0.5888462896853913,0.594440582226715
RF01733,sincfold_published,109,109,0,0,1.0,0.8836167021224666,0.8862679408727231
RF01733,sincfold_retrained,109,109,0,0,1.0,0.8405872928366013,0.8423507883709432
RF01737,sincfold_published,14,14,0,0,1.0,0.8858776272076766,0.8856543098592221
RF01737,sincfold_retrained,14,14,0,0,1.0,0.7464069135086534,0.7456591525806733
RF01744,sincfold_published,81,81,0,0,1.0,0.7077342753231853,0.7276273305683292
RF01744,sincfold_retrained,81,81,0,0,1.0,0.39307460107795356,0.3980150173139453
RF01747,sincfold_published,2680,2680,0,0,1.0,0.8557411285861841,0.8597237834379805
RF01747,sincfold_retrained,2680,2680,0,0,1.0,0.7874619869795725,0.7900467902635043
RF01749,sincfold_published,1708,1708,0,0,1.0,0.6837779629613068,0.7002424069872731
RF01749,sincfold_retrained,1708,1708,0,0,1.0,0.36092461037847823,0.373986252025255
RF01750,sincfold_published,10393,10393,0,0,1.0,0.6623813696836277,0.6831389699300446
RF01750,sincfold_retrained,10393,10393,0,0,1.0,0.24565657102018593,0.25569284739870707
RF01754,sincfold_published,1394,1394,0,0,1.0,0.7279694924917225,0.7380719440327049
RF01754,sincfold_retrained,1394,1394,0,0,1.0,0.4604130864122107,0.4630331919721157
RF01761,sincfold_published,156,156,0,0,1.0,0.8015447027059895,0.808811955567708
RF01761,sincfold_retrained,156,156,0,0,1.0,0.5229882966425886,0.5299865410857075
RF01767,sincfold_published,479,479,0,0,1.0,0.6343318750571387,0.6457313453292841
RF01767,sincfold_retrained,479,479,0,0,1.0,0.2922416162801571,0.2967298952642306
RF01771,sincfold_published,175,175,0,0,1.0,0.7056725741384597,0.7124458830637851
RF01771,sincfold_retrained,175,175,0,0,1.0,0.6346295197783973,0.6381243476011448
RF01778,sincfold_published,289,289,0,0,1.0,0.0,0.0
RF01778,sincfold_retrained,289,289,0,0,1.0,0.0,0.0
RF01779,sincfold_published,2,2,0,0,1.0,0.8466819221967963,0.8542292243729386
RF01779,sincfold_retrained,2,2,0,0,1.0,0.06451612903225806,0.06999213235477633
RF01782,sincfold_published,24531,24531,0,0,1.0,0.32233312374491385,0.3477139209706728
RF01782,sincfold_retrained,24531,24531,0,0,1.0,0.12523932230187362,0.12552447017045626
RF01784,sincfold_published,168,168,0,0,1.0,0.3489711103496644,0.37656138998798944
RF01784,sincfold_retrained,168,168,0,0,1.0,0.1049304143074859,0.11093488912463266
RF01785,sincfold_published,7,7,0,0,1.0,0.7549783549783549,0.7670807142989773
RF01785,sincfold_retrained,7,7,0,0,1.0,0.847462061747776,0.8487053554412896
RF01786,sincfold_published,3655,3655,0,0,1.0,0.5402303503869569,0.572736754153939
RF01786,sincfold_retrained,3655,3655,0,0,1.0,0.5215382742588899,0.5326826858496868
RF01792,sincfold_published,5,5,0,0,1.0,0.46111111111111114,0.49268209608049274
RF01792,sincfold_retrained,5,5,0,0,1.0,0.7983838383838383,0.8009718308531276
RF01793,sincfold_published,2083,2083,0,0,1.0,0.9303446412743828,0.9321264078015665
RF01793,sincfold_retrained,2083,2083,0,0,1.0,0.6820217907161468,0.6881205114385897
RF01795,sincfold_published,33,33,0,0,1.0,0.16071222604360724,0.23910818273448797
RF01795,sincfold_retrained,33,33,0,0,1.0,0.39714239256499195,0.4482404728916702
RF01807,sincfold_published,13,13,0,0,1.0,0.20443873747464575,0.21625316013993914
RF01807,sincfold_retrained,13,13,0,0,1.0,0.21283514906012863,0.21175074997275395
RF01814,sincfold_published,497,497,0,0,1.0,0.8843489793729998,0.8881225883978919
RF01814,sincfold_retrained,497,497,0,0,1.0,0.6806982638306813,0.7061157996808981
RF01817,sincfold_published,2,2,0,0,1.0,0.9347826086956521,0.9347272445011037
RF01817,sincfold_retrained,2,2,0,0,1.0,0.5076923076923077,0.512370825336095
RF01819,sincfold_published,50,50,0,0,1.0,0.7376140369958367,0.7381514535478914
RF01819,sincfold_retrained,50,50,0,0,1.0,0.558597883767612,0.5595678375277475
RF01826,sincfold_published,483,483,0,0,1.0,0.1589829527155259,0.16837683898487038
RF01826,sincfold_retrained,483,483,0,0,1.0,0.18571536143216813,0.1956212314524505
RF01827,sincfold_published,398,398,0,0,1.0,0.5487123959137464,0.5787311679413932
RF01827,sincfold_retrained,398,398,0,0,1.0,0.3101025929124947,0.3156232300141815
RF01830,sincfold_published,650,650,0,0,1.0,0.4493142714165355,0.4536718594756631
RF01830,sincfold_retrained,650,650,0,0,1.0,0.2722463359504517,0.27525235206358417
RF01832,sincfold_published,253,253,0,0,1.0,0.6713739191943384,0.6938166054392194
RF01832,sincfold_retrained,253,253,0,0,1.0,0.2286943025090109,0.24666437672606872
RF01834,sincfold_published,5,5,0,0,1.0,0.125,0.126719545066954
RF01834,sincfold_retrained,5,5,0,0,1.0,0.6705128205128205,0.7076582496312834
RF01840,sincfold_published,16,16,0,0,1.0,0.013157894736842105,0.00831111853763261
RF01840,sincfold_retrained,16,16,0,0,1.0,0.08146167557932264,0.07725306400116452
RF01842,sincfold_published,15,15,0,0,1.0,0.801251437773177,0.8035916719884405
RF01842,sincfold_retrained,15,15,0,0,1.0,0.7069804558260331,0.7099380569892512
RF01843,sincfold_published,3,3,0,0,1.0,0.8050065876152832,0.8137844191459749
RF01843,sincfold_retrained,3,3,0,0,1.0,0.5623781676413255,0.603938741531392
RF01865,sincfold_published,4,4,0,0,1.0,0.6150791156918608,0.629138876343167
RF01865,sincfold_retrained,4,4,0,0,1.0,0.14523809523809522,0.15899699292768535
RF01875,sincfold_published,100,100,0,0,1.0,0.0,0.0
RF01875,sincfold_retrained,100,100,0,0,1.0,0.0,0.0
RF01876,sincfold_published,69,69,0,0,1.0,0.0,0.0
RF01876,sincfold_retrained,69,69,0,0,1.0,0.0,0.0
RF01877,sincfold_published,125,125,0,0,1.0,0.0,0.0
RF01877,sincfold_retrained,125,125,0,0,1.0,0.0,0.0
RF01880,sincfold_published,76,76,0,0,1.0,0.0,0.0
RF01880,sincfold_retrained,76,76,0,0,1.0,0.0,0.0
RF01883,sincfold_published,97,97,0,0,1.0,0.0,0.0
RF01883,sincfold_retrained,97,97,0,0,1.0,0.0,0.0
RF01889,sincfold_published,8,8,0,0,1.0,0.0,0.0
RF01889,sincfold_retrained,8,8,0,0,1.0,0.0,0.0
RF01891,sincfold_published,139,139,0,0,1.0,0.0,0.0
RF01891,sincfold_retrained,139,139,0,0,1.0,0.0,0.0
RF01892,sincfold_published,123,123,0,0,1.0,0.0,0.0
RF01892,sincfold_retrained,123,123,0,0,1.0,0.0,0.0
RF01904,sincfold_published,36,36,0,0,1.0,0.0,0.0
RF01904,sincfold_retrained,36,36,0,0,1.0,0.0,0.0
RF01928,sincfold_published,104,104,0,0,1.0,0.0,0.0
RF01928,sincfold_retrained,104,104,0,0,1.0,0.0,0.0
RF01932,sincfold_published,16,16,0,0,1.0,0.0,0.0
RF01932,sincfold_retrained,16,16,0,0,1.0,0.0,0.0
RF01934,sincfold_published,14,14,0,0,1.0,0.0,0.0
RF01934,sincfold_retrained,14,14,0,0,1.0,0.0,0.0
RF01950,sincfold_published,99,99,0,0,1.0,0.0,0.0
RF01950,sincfold_retrained,99,99,0,0,1.0,0.0,0.0
RF01952,sincfold_published,70,70,0,0,1.0,0.0,0.0
RF01952,sincfold_retrained,70,70,0,0,1.0,0.0,0.0
RF01955,sincfold_published,173,173,0,0,1.0,0.0,0.0
RF01955,sincfold_retrained,173,173,0,0,1.0,0.0,0.0
RF01957,sincfold_published,179,179,0,0,1.0,0.0,0.0
RF01957,sincfold_retrained,179,179,0,0,1.0,0.0,0.0
RF01962,sincfold_published,84,84,0,0,1.0,0.0,0.0
RF01962,sincfold_retrained,84,84,0,0,1.0,0.0,0.0
RF01964,sincfold_published,87,87,0,0,1.0,0.0,0.0
RF01964,sincfold_retrained,87,87,0,0,1.0,0.0,0.0
RF01967,sincfold_published,456,456,0,0,1.0,0.0,0.0
RF01967,sincfold_retrained,456,456,0,0,1.0,0.0,0.0
RF01969,sincfold_published,367,367,0,0,1.0,0.0,0.0
RF01969,sincfold_retrained,367,367,0,0,1.0,0.0,0.0
RF01971,sincfold_published,118,118,0,0,1.0,0.0,0.0
RF01971,sincfold_retrained,118,118,0,0,1.0,0.0,0.0
RF01973,sincfold_published,73,73,0,0,1.0,0.0,0.0
RF01973,sincfold_retrained,73,73,0,0,1.0,0.0,0.0
RF01975,sincfold_published,91,91,0,0,1.0,0.0,0.0
RF01975,sincfold_retrained,91,91,0,0,1.0,0.0,0.0
RF01976,sincfold_published,446,446,0,0,1.0,0.0,0.0
RF01976,sincfold_retrained,446,446,0,0,1.0,0.0,0.0
RF01977,sincfold_published,66,66,0,0,1.0,0.0,0.0
RF01977,sincfold_retrained,66,66,0,0,1.0,0.0,0.0
RF01978,sincfold_published,94,94,0,0,1.0,0.0,0.0
RF01978,sincfold_retrained,94,94,0,0,1.0,0.0,0.0
RF01979,sincfold_published,95,95,0,0,1.0,0.0,0.0
RF01979,sincfold_retrained,95,95,0,0,1.0,0.0,0.0
RF01981,sincfold_published,106,106,0,0,1.0,0.0,0.0
RF01981,sincfold_retrained,106,106,0,0,1.0,0.0,0.0
RF01983,sincfold_published,115,115,0,0,1.0,0.0,0.0
RF01983,sincfold_retrained,115,115,0,0,1.0,0.0,0.0
RF01984,sincfold_published,322,322,0,0,1.0,0.0,0.0
RF01984,sincfold_retrained,322,322,0,0,1.0,0.0,0.0
RF01986,sincfold_published,145,145,0,0,1.0,0.0,0.0
RF01986,sincfold_retrained,145,145,0,0,1.0,0.0,0.0
RF01992,sincfold_published,111,111,0,0,1.0,0.0,0.0
RF01992,sincfold_retrained,111,111,0,0,1.0,0.0,0.0
RF02016,sincfold_published,10,10,0,0,1.0,0.5471457360614306,0.565282770691635
RF02016,sincfold_retrained,10,10,0,0,1.0,0.06695557491289199,0.0725987522513227
RF02033,sincfold_published,4544,4544,0,0,1.0,0.3664870398119104,0.3883893928005244
RF02033,sincfold_retrained,4544,4544,0,0,1.0,0.26089892001776355,0.26399118106907876
RF02037,sincfold_published,45,45,0,0,1.0,0.7627104891571856,0.7760428988125858
RF02037,sincfold_retrained,45,45,0,0,1.0,0.7799810556027741,0.7847961974211534
RF02038,sincfold_published,98,98,0,0,1.0,0.0,0.0
RF02038,sincfold_retrained,98,98,0,0,1.0,0.0,0.0
RF02039,sincfold_published,110,110,0,0,1.0,0.0,0.0
RF02039,sincfold_retrained,110,110,0,0,1.0,0.0,0.0
RF02040,sincfold_published,70,70,0,0,1.0,0.0,0.0
RF02040,sincfold_retrained,70,70,0,0,1.0,0.0,0.0
RF02041,sincfold_published,449,449,0,0,1.0,0.0,0.0
RF02041,sincfold_retrained,449,449,0,0,1.0,0.0,0.0
RF02044,sincfold_published,21,21,0,0,1.0,0.0,0.0
RF02044,sincfold_retrained,21,21,0,0,1.0,0.0,0.0
RF02047,sincfold_published,258,258,0,0,1.0,0.0,0.0
RF02047,sincfold_retrained,258,258,0,0,1.0,0.0,0.0
RF02049,sincfold_published,5,5,0,0,1.0,0.6319694157909959,0.6496820254612949
RF02049,sincfold_retrained,5,5,0,0,1.0,0.24613734799267034,0.27387077989574155
RF02052,sincfold_published,26,26,0,0,1.0,0.6537710050448864,0.6637407253063117
RF02052,sincfold_retrained,26,26,0,0,1.0,0.43491769686526166,0.43608495325180885
RF02062,sincfold_published,4,4,0,0,1.0,0.9265746335961746,0.9276018208477663
RF02062,sincfold_retrained,4,4,0,0,1.0,0.45055089956567784,0.4647744424476969
RF02070,sincfold_published,6,6,0,0,1.0,0.882741218815413,0.8871583695404271
RF02070,sincfold_retrained,6,6,0,0,1.0,0.3571809726221491,0.3806038421781885
RF02072,sincfold_published,4,4,0,0,1.0,0.8136607142857143,0.8328103015168113
RF02072,sincfold_retrained,4,4,0,0,1.0,0.0,-0.0009794081161750329
RF02080,sincfold_published,6,6,0,0,1.0,0.696958318575914,0.7033258944395125
RF02080,sincfold_retrained,6,6,0,0,1.0,0.16396543124405866,0.16423864877879213
RF02085,sincfold_published,14,14,0,0,1.0,0.0,0.0
RF02085,sincfold_retrained,14,14,0,0,1.0,0.0,0.0
RF02086,sincfold_published,12,12,0,0,1.0,0.0,0.0
RF02086,sincfold_retrained,12,12,0,0,1.0,0.0,0.0
RF02087,sincfold_published,9,9,0,0,1.0,0.0,0.0
RF02087,sincfold_retrained,9,9,0,0,1.0,0.0,0.0
RF02089,sincfold_published,82,82,0,0,1.0,0.0,0.0
RF02089,sincfold_retrained,82,82,0,0,1.0,0.0,0.0
RF02091,sincfold_published,185,185,0,0,1.0,0.0,0.0
RF02091,sincfold_retrained,185,185,0,0,1.0,0.0,0.0
RF02099,sincfold_published,1,1,0,0,1.0,0.5225225225225225,0.5313159554330705
RF02099,sincfold_retrained,1,1,0,0,1.0,0.3968253968253968,0.3960360958778424
RF02104,sincfold_published,83,83,0,0,1.0,0.0,0.0
RF02104,sincfold_retrained,83,83,0,0,1.0,0.0,0.0
RF02106,sincfold_published,77,77,0,0,1.0,0.0,0.0
RF02106,sincfold_retrained,77,77,0,0,1.0,0.0,0.0
RF02109,sincfold_published,309,309,0,0,1.0,0.0,0.0
RF02109,sincfold_retrained,309,309,0,0,1.0,0.0,0.0
RF02110,sincfold_published,191,191,0,0,1.0,0.0,0.0
RF02110,sincfold_retrained,191,191,0,0,1.0,0.0,0.0
RF02111,sincfold_published,180,180,0,0,1.0,0.10400127767657796,0.10458353779231316
RF02111,sincfold_retrained,180,180,0,0,1.0,0.024056058021432878,0.023501955729741918
RF02112,sincfold_published,126,126,0,0,1.0,0.0,0.0
RF02112,sincfold_retrained,126,126,0,0,1.0,0.0,0.0
RF02113,sincfold_published,118,118,0,0,1.0,0.0,0.0
RF02113,sincfold_retrained,118,118,0,0,1.0,0.0,0.0
RF02116,sincfold_published,110,110,0,0,1.0,0.0,0.0
RF02116,sincfold_retrained,110,110,0,0,1.0,0.0,0.0
RF02120,sincfold_published,75,75,0,0,1.0,0.0,0.0
RF02120,sincfold_retrained,75,75,0,0,1.0,0.0,0.0
RF02124,sincfold_published,132,132,0,0,1.0,0.0,0.0
RF02124,sincfold_retrained,132,132,0,0,1.0,0.0,0.0
RF02125,sincfold_published,58,58,0,0,1.0,0.0,0.0
RF02125,sincfold_retrained,58,58,0,0,1.0,0.0,0.0
RF02126,sincfold_published,65,65,0,0,1.0,0.0,0.0
RF02126,sincfold_retrained,65,65,0,0,1.0,0.0,0.0
RF02127,sincfold_published,108,108,0,0,1.0,0.0,0.0
RF02127,sincfold_retrained,108,108,0,0,1.0,0.0,0.0
RF02128,sincfold_published,96,96,0,0,1.0,0.0,0.0
RF02128,sincfold_retrained,96,96,0,0,1.0,0.0,0.0
RF02133,sincfold_published,85,85,0,0,1.0,0.0,0.0
RF02133,sincfold_retrained,85,85,0,0,1.0,0.0,0.0
RF02136,sincfold_published,14,14,0,0,1.0,0.0,0.0
RF02136,sincfold_retrained,14,14,0,0,1.0,0.0,0.0
RF02139,sincfold_published,92,92,0,0,1.0,0.0,0.0
RF02139,sincfold_retrained,92,92,0,0,1.0,0.0,0.0
RF02140,sincfold_published,381,381,0,0,1.0,0.0,0.0
RF02140,sincfold_retrained,381,381,0,0,1.0,0.0,0.0
RF02143,sincfold_published,109,109,0,0,1.0,0.0,0.0
RF02143,sincfold_retrained,109,109,0,0,1.0,0.0,0.0
RF02145,sincfold_published,93,93,0,0,1.0,0.0,0.0
RF02145,sincfold_retrained,93,93,0,0,1.0,0.0,0.0
RF02146,sincfold_published,86,86,0,0,1.0,0.0,0.0
RF02146,sincfold_retrained,86,86,0,0,1.0,0.0,0.0
RF02148,sincfold_published,103,103,0,0,1.0,0.0,0.0
RF02148,sincfold_retrained,103,103,0,0,1.0,0.0,0.0
RF02155,sincfold_published,15,15,0,0,1.0,0.0,0.0
RF02155,sincfold_retrained,15,15,0,0,1.0,0.0,0.0
RF02156,sincfold_published,91,91,0,0,1.0,0.0,0.0
RF02156,sincfold_retrained,91,91,0,0,1.0,0.0,0.0
RF02158,sincfold_published,99,99,0,0,1.0,0.0,0.0
RF02158,sincfold_retrained,99,99,0,0,1.0,0.0,0.0
RF02168,sincfold_published,111,111,0,0,1.0,0.0,0.0
RF02168,sincfold_retrained,111,111,0,0,1.0,0.0,0.0
RF02169,sincfold_published,84,84,0,0,1.0,0.0,0.0
RF02169,sincfold_retrained,84,84,0,0,1.0,0.0,0.0
RF02173,sincfold_published,118,118,0,0,1.0,0.0,0.0
RF02173,sincfold_retrained,118,118,0,0,1.0,0.0,0.0
RF02174,sincfold_published,90,90,0,0,1.0,0.0,0.0
RF02174,sincfold_retrained,90,90,0,0,1.0,0.0,0.0
RF02176,sincfold_published,108,108,0,0,1.0,0.0,0.0
RF02176,sincfold_retrained,108,108,0,0,1.0,0.0,0.0
RF02177,sincfold_published,63,63,0,0,1.0,0.0,0.0
RF02177,sincfold_retrained,63,63,0,0,1.0,0.0,0.0
RF02180,sincfold_published,87,87,0,0,1.0,0.0,0.0
RF02180,sincfold_retrained,87,87,0,0,1.0,0.0,0.0
RF02184,sincfold_published,44,44,0,0,1.0,0.0,0.0
RF02184,sincfold_retrained,44,44,0,0,1.0,0.0,0.0
RF02185,sincfold_published,101,101,0,0,1.0,0.0,0.0
RF02185,sincfold_retrained,101,101,0,0,1.0,0.0,0.0
RF02186,sincfold_published,13,13,0,0,1.0,0.0,0.0
RF02186,sincfold_retrained,13,13,0,0,1.0,0.0,0.0
RF02188,sincfold_published,110,110,0,0,1.0,0.0,0.0
RF02188,sincfold_retrained,110,110,0,0,1.0,0.0,0.0
RF02189,sincfold_published,117,117,0,0,1.0,0.0,0.0
RF02189,sincfold_retrained,117,117,0,0,1.0,0.0,0.0
RF02193,sincfold_published,109,109,0,0,1.0,0.0,0.0
RF02193,sincfold_retrained,109,109,0,0,1.0,0.0,0.0
RF02196,sincfold_published,74,74,0,0,1.0,0.0,0.0
RF02196,sincfold_retrained,74,74,0,0,1.0,0.0,0.0
RF02202,sincfold_published,8,8,0,0,1.0,0.0,0.0
RF02202,sincfold_retrained,8,8,0,0,1.0,0.0,0.0
RF02206,sincfold_published,86,86,0,0,1.0,0.0,0.0
RF02206,sincfold_retrained,86,86,0,0,1.0,0.0,0.0
RF02209,sincfold_published,403,403,0,0,1.0,0.0,0.0
RF02209,sincfold_retrained,403,403,0,0,1.0,0.0,0.0
RF02211,sincfold_published,15,15,0,0,1.0,0.0,0.0
RF02211,sincfold_retrained,15,15,0,0,1.0,0.0,0.0
RF02212,sincfold_published,69,69,0,0,1.0,0.0,0.0
RF02212,sincfold_retrained,69,69,0,0,1.0,0.0,0.0
RF02213,sincfold_published,23,23,0,0,1.0,0.0,0.0
RF02213,sincfold_retrained,23,23,0,0,1.0,0.0,0.0
RF02216,sincfold_published,182,182,0,0,1.0,0.0,0.0
RF02216,sincfold_retrained,182,182,0,0,1.0,0.0,0.0
RF02217,sincfold_published,17,17,0,0,1.0,0.0,0.0
RF02217,sincfold_retrained,17,17,0,0,1.0,0.0,0.0
RF02220,sincfold_published,22,22,0,0,1.0,0.0,0.0
RF02220,sincfold_retrained,22,22,0,0,1.0,0.0,0.0
RF02222,sincfold_published,38,38,0,0,1.0,0.8173359726764547,0.8170415709419467
RF02222,sincfold_retrained,38,38,0,0,1.0,0.46611140197921763,0.46947334448778166
RF02224,sincfold_published,84,84,0,0,1.0,0.10281134546333187,0.1068167736027634
RF02224,sincfold_retrained,84,84,0,0,1.0,0.3358993802217028,0.3500856754716514
RF02227,sincfold_published,68,68,0,0,1.0,0.6901166930671384,0.7138850900742956
RF02227,sincfold_retrained,68,68,0,0,1.0,0.6180649490934227,0.6282892397642673
RF02228,sincfold_published,1957,1957,0,0,1.0,0.23265282686148966,0.2633921796742511
RF02228,sincfold_retrained,1957,1957,0,0,1.0,0.06696258401618646,0.07437538085620476
RF02234,sincfold_published,166,166,0,0,1.0,0.5168230213799875,0.5407229523345652
RF02234,sincfold_retrained,166,166,0,0,1.0,0.43282130797701335,0.4377923869972881
RF02235,sincfold_published,305,305,0,0,1.0,0.7326426746996307,0.7488834904801532
RF02235,sincfold_retrained,305,305,0,0,1.0,0.6569559942520611,0.6650838072473455
RF02237,sincfold_published,5,5,0,0,1.0,0.09507042253521128,0.11349607362851097
RF02237,sincfold_retrained,5,5,0,0,1.0,0.09218390804597701,0.09057695199326649
RF02240,sincfold_published,74,74,0,0,1.0,0.6883482847584996,0.7110528883534117
RF02240,sincfold_retrained,74,74,0,0,1.0,0.48338354085902285,0.5005027456883756
RF02241,sincfold_published,35,35,0,0,1.0,0.7209640796656962,0.7297077999524131
RF02241,sincfold_retrained,35,35,0,0,1.0,0.8196080726176161,0.8203388803106715
RF02242,sincfold_published,205,205,0,0,1.0,0.3359218655376352,0.3616177526900824
RF02242,sincfold_retrained,205,205,0,0,1.0,0.0770472078838319,0.07797296843616314
RF02246,sincfold_published,93,93,0,0,1.0,0.0,0.0
RF02246,sincfold_retrained,93,93,0,0,1.0,0.0,0.0
RF02248,sincfold_published,79,79,0,0,1.0,0.0,0.0
RF02248,sincfold_retrained,79,79,0,0,1.0,0.0,0.0
RF02250,sincfold_published,360,360,0,0,1.0,0.0,0.0
RF02250,sincfold_retrained,360,360,0,0,1.0,0.0,0.0
RF02251,sincfold_published,37,37,0,0,1.0,0.0,0.0
RF02251,sincfold_retrained,37,37,0,0,1.0,0.0,0.0
RF02255,sincfold_published,11,11,0,0,1.0,0.0,0.0
RF02255,sincfold_retrained,11,11,0,0,1.0,0.0,0.0
RF02256,sincfold_published,6,6,0,0,1.0,0.0,0.0
RF02256,sincfold_retrained,6,6,0,0,1.0,0.0,0.0
RF02267,sincfold_published,128,18,110,0,0.140625,0.0,0.0
RF02267,sincfold_retrained,128,18,110,0,0.140625,0.0,0.0
RF02270,sincfold_published,3,3,0,0,1.0,0.8624338624338624,0.8775767977802742
RF02270,sincfold_retrained,3,3,0,0,1.0,0.46471471471471476,0.5081510069039104
RF02276,sincfold_published,1303,1303,0,0,1.0,0.6348558814755195,0.6497016250222963
RF02276,sincfold_retrained,1303,1303,0,0,1.0,0.5722921944498254,0.5737949508188895
RF02281,sincfold_published,2,2,0,0,1.0,0.0,0.0
RF02281,sincfold_retrained,2,2,0,0,1.0,0.0,0.0
RF02282,sincfold_published,1,1,0,0,1.0,0.0,0.0
RF02282,sincfold_retrained,1,1,0,0,1.0,0.0,0.0
RF02289,sincfold_published,1,1,0,0,1.0,0.0,0.0
RF02289,sincfold_retrained,1,1,0,0,1.0,0.0,0.0
RF02292,sincfold_published,1,1,0,0,1.0,0.0,0.0
RF02292,sincfold_retrained,1,1,0,0,1.0,0.0,0.0
RF02298,sincfold_published,1,1,0,0,1.0,0.0,0.0
RF02298,sincfold_retrained,1,1,0,0,1.0,0.0,0.0
RF02302,sincfold_published,2,2,0,0,1.0,0.0,0.0
RF02302,sincfold_retrained,2,2,0,0,1.0,0.0,0.0
RF02304,sincfold_published,1,1,0,0,1.0,0.0,0.0
RF02304,sincfold_retrained,1,1,0,0,1.0,0.0,0.0
RF02306,sincfold_published,1,1,0,0,1.0,0.0,0.0
RF02306,sincfold_retrained,1,1,0,0,1.0,0.0,0.0
RF02310,sincfold_published,1,1,0,0,1.0,1.0,1.0
RF02310,sincfold_retrained,1,1,0,0,1.0,0.5675675675675675,0.5672538246510581
RF02314,sincfold_published,2,2,0,0,1.0,0.21719901719901719,0.26584031431012045
RF02314,sincfold_retrained,2,2,0,0,1.0,0.18781094527363185,0.18466127382512967
RF02317,sincfold_published,1,1,0,0,1.0,0.6818181818181818,0.6812184814591878
RF02317,sincfold_retrained,1,1,0,0,1.0,0.7636363636363637,0.772974104149651
RF02319,sincfold_published,1,1,0,0,1.0,0.9876543209876543,0.987671321797971
RF02319,sincfold_retrained,1,1,0,0,1.0,0.6086956521739131,0.6150735807888837
RF02321,sincfold_published,1,1,0,0,1.0,0.9565217391304348,0.9572628694657813
RF02321,sincfold_retrained,1,1,0,0,1.0,0.75,0.7550647110768195
RF02324,sincfold_published,1,1,0,0,1.0,0.6,0.6004940422040643
RF02324,sincfold_retrained,1,1,0,0,1.0,0.358974358974359,0.3873758382745606
RF02328,sincfold_published,1,1,0,0,1.0,0.9855072463768116,0.9855517473012863
RF02328,sincfold_retrained,1,1,0,0,1.0,0.7575757575757576,0.7569691690723015
RF02332,sincfold_published,1,1,0,0,1.0,0.8363636363636363,0.8471637449278374
RF02332,sincfold_retrained,1,1,0,0,1.0,0.42857142857142855,0.4304476384382147
RF02334,sincfold_published,1,1,0,0,1.0,0.9,0.9042285339102009
RF02334,sincfold_retrained,1,1,0,0,1.0,0.24,0.2513675169878081
RF02339,sincfold_published,1,1,0,0,1.0,0.8947368421052632,0.8988054515129632
RF02339,sincfold_retrained,1,1,0,0,1.0,0.7317073170731707,0.7290844902866009
RF02349,sincfold_published,269,269,0,0,1.0,0.45560499451220066,0.47713025423107025
RF02349,sincfold_retrained,269,269,0,0,1.0,0.2907513175165881,0.2989802348290797
RF02368,sincfold_published,1,1,0,0,1.0,0.9882352941176471,0.9882800110345714
RF02368,sincfold_retrained,1,1,0,0,1.0,0.25,0.29533329114138546
RF02370,sincfold_published,33,33,0,0,1.0,0.5455946566817056,0.5516665957921769
RF02370,sincfold_retrained,33,33,0,0,1.0,0.2506315729760943,0.250379550592596
RF02372,sincfold_published,28,28,0,0,1.0,0.8128260628260628,0.8278103074043023
RF02372,sincfold_retrained,28,28,0,0,1.0,0.5486695827829994,0.6138221871342093
RF02385,sincfold_published,60,60,0,0,1.0,0.1917731387368858,0.21541085385384554
RF02385,sincfold_retrained,60,60,0,0,1.0,0.05138499094381446,0.05164825286964894
RF02388,sincfold_published,2,2,0,0,1.0,0.0,-0.0029588271115306803
RF02388,sincfold_retrained,2,2,0,0,1.0,0.0,-0.004054097233082878
RF02389,sincfold_published,1,1,0,0,1.0,0.9523809523809523,0.9532392697462778
RF02389,sincfold_retrained,1,1,0,0,1.0,0.7,0.7021613909514083
RF02392,sincfold_published,1,1,0,0,1.0,1.0,1.0
RF02392,sincfold_retrained,1,1,0,0,1.0,0.32941176470588235,0.34600845351064485
RF02395,sincfold_published,1,1,0,0,1.0,0.0,-0.0014199575487317134
RF02395,sincfold_retrained,1,1,0,0,1.0,0.5294117647058824,0.5354383227993893
RF02404,sincfold_published,1,1,0,0,1.0,0.4782608695652174,0.4777179375587726
RF02404,sincfold_retrained,1,1,0,0,1.0,0.43137254901960786,0.42857103681546277
RF02418,sincfold_published,19,19,0,0,1.0,0.9802631578947368,0.9801001277069803
RF02418,sincfold_retrained,19,19,0,0,1.0,0.7747686911329347,0.7741133254702628
RF02421,sincfold_published,636,636,0,0,1.0,0.22441655790666568,0.24537877855009263
RF02421,sincfold_retrained,636,636,0,0,1.0,0.4223276956292075,0.42940583836893814
RF02425,sincfold_published,93,93,0,0,1.0,0.6915509057206716,0.6931596278668293
RF02425,sincfold_retrained,93,93,0,0,1.0,0.5530950493298463,0.5571694689075144
RF02439,sincfold_published,5,5,0,0,1.0,0.8102399639241744,0.8271101092174821
RF02439,sincfold_retrained,5,5,0,0,1.0,0.14495221027479094,0.1825706645815175
RF02441,sincfold_published,4,4,0,0,1.0,0.9089497459062676,0.911759233591858
RF02441,sincfold_retrained,4,4,0,0,1.0,0.2777777777777778,0.29108884660396683
RF02457,sincfold_published,3,3,0,0,1.0,0.6692978072367325,0.6993910747379343
RF02457,sincfold_retrained,3,3,0,0,1.0,0.5081897078596749,0.5118135274526096
RF02458,sincfold_published,1,1,0,0,1.0,0.15,0.22553749559198913
RF02458,sincfold_retrained,1,1,0,0,1.0,0.16,0.17192318412353383
RF02459,sincfold_published,7,7,0,0,1.0,0.5156243570036673,0.5703637600847207
RF02459,sincfold_retrained,7,7,0,0,1.0,0.37003247614411044,0.3733962815942905
RF02462,sincfold_published,432,187,245,0,0.43287037037037035,0.11467810550083536,0.13882234276119404
RF02462,sincfold_retrained,432,187,245,0,0.43287037037037035,0.16698696465874466,0.17488443960078173
RF02463,sincfold_published,327,327,0,0,1.0,0.16476879713128698,0.1927418582613707
RF02463,sincfold_retrained,327,327,0,0,1.0,0.04502804788325783,0.045484558875077324
RF02464,sincfold_published,178,178,0,0,1.0,0.17301061077190868,0.1863452757708496
RF02464,sincfold_retrained,178,178,0,0,1.0,0.06531819618921955,0.06440266735967609
RF02465,sincfold_published,55,55,0,0,1.0,0.3741572954674559,0.3805840881360821
RF02465,sincfold_retrained,55,55,0,0,1.0,0.32113304823831135,0.32523956867780657
RF02474,sincfold_published,1,1,0,0,1.0,0.0,0.0
RF02474,sincfold_retrained,1,1,0,0,1.0,0.0,0.0
RF02476,sincfold_published,1,1,0,0,1.0,0.8,0.8162576645858365
RF02476,sincfold_retrained,1,1,0,0,1.0,1.0,1.0
RF02478,sincfold_published,1,1,0,0,1.0,1.0,1.0
RF02478,sincfold_retrained,1,1,0,0,1.0,0.3333333333333333,0.33245421245421247
RF02481,sincfold_published,1,1,0,0,1.0,0.9830508474576272,0.9831455088516102
RF02481,sincfold_retrained,1,1,0,0,1.0,0.25,0.25658534089730656
RF02482,sincfold_published,1,1,0,0,1.0,0.975609756097561,0.9758563292486099
RF02482,sincfold_retrained,1,1,0,0,1.0,0.49056603773584906,0.5003527387059307
RF02484,sincfold_published,1,1,0,0,1.0,0.8076923076923077,0.8166941053509571
RF02484,sincfold_retrained,1,1,0,0,1.0,0.6122448979591837,0.6268862020825905
RF02486,sincfold_published,1,1,0,0,1.0,1.0,1.0
RF02486,sincfold_retrained,1,1,0,0,1.0,0.3888888888888889,0.38849465617327605
RF02489,sincfold_published,1,1,0,0,1.0,0.8148148148148148,0.8145999566340529
RF02489,sincfold_retrained,1,1,0,0,1.0,0.6557377049180327,0.6614423611580281
RF02491,sincfold_published,1,1,0,0,1.0,1.0,1.0
RF02491,sincfold_retrained,1,1,0,0,1.0,0.6333333333333333,0.6499796125968862
RF02493,sincfold_published,1,1,0,0,1.0,0.9629629629629629,0.9635158818492783
RF02493,sincfold_retrained,1,1,0,0,1.0,0.08,0.07748368546846629
RF02496,sincfold_published,970,970,0,0,1.0,0.5867338334847261,0.6086635600159802
RF02496,sincfold_retrained,970,970,0,0,1.0,0.3071137750046285,0.3151353943362936
RF02499,sincfold_published,7,7,0,0,1.0,0.7603602785666104,0.7765619671578871
RF02499,sincfold_retrained,7,7,0,0,1.0,0.8397955709985786,0.841686592321996
RF02500,sincfold_published,1072,1072,0,0,1.0,0.7717872591829676,0.7757610781343615
RF02500,sincfold_retrained,1072,1072,0,0,1.0,0.5909030633967175,0.5947127565097841
RF02504,sincfold_published,79,79,0,0,1.0,0.14231070353633135,0.14542743581907608
RF02504,sincfold_retrained,79,79,0,0,1.0,0.09086672421905252,0.09093812876978975
RF02506,sincfold_published,228,228,0,0,1.0,0.6495889532367457,0.6660946533555779
RF02506,sincfold_retrained,228,228,0,0,1.0,0.542571514533233,0.5472898218782054
RF02508,sincfold_published,2,2,0,0,1.0,0.0,-0.0011605995278616101
RF02508,sincfold_retrained,2,2,0,0,1.0,0.12121212121212122,0.12154846883369674
RF02509,sincfold_published,66,66,0,0,1.0,0.2802145836144784,0.29414847037137104
RF02509,sincfold_retrained,66,66,0,0,1.0,0.1642503616058632,0.1634086708703407
RF02511,sincfold_published,1,1,0,0,1.0,0.0,-0.0017876253582718622
RF02511,sincfold_retrained,1,1,0,0,1.0,0.0,-0.002829060034510352
RF02523,sincfold_published,464,464,0,0,1.0,0.7241309031464153,0.7488720919566647
RF02523,sincfold_retrained,464,464,0,0,1.0,0.47828204336257324,0.5135845952664979
RF02524,sincfold_published,9,9,0,0,1.0,0.7271166443185192,0.7343897986182015
RF02524,sincfold_retrained,9,9,0,0,1.0,0.5347424176212299,0.5356357926581228
RF02525,sincfold_published,1,1,0,0,1.0,0.96,0.9606395350549942
RF02525,sincfold_retrained,1,1,0,0,1.0,0.2711864406779661,0.28469841277043384
RF02534,sincfold_published,3,3,0,0,1.0,0.5235294117647059,0.5453711931348488
RF02534,sincfold_retrained,3,3,0,0,1.0,0.405332503371719,0.4045091530348153
RF02535,sincfold_published,376,376,0,0,1.0,0.052484394770227795,0.05574611745307424
RF02535,sincfold_retrained,376,376,0,0,1.0,0.044623731788347235,0.04351862661497138
RF02537,sincfold_published,1,1,0,0,1.0,0.7428571428571429,0.7679907803980162
RF02537,sincfold_retrained,1,1,0,0,1.0,0.5,0.5004801654656099
RF02546,sincfold_published,8,0,8,0,0.0,,
RF02546,sincfold_retrained,8,0,8,0,0.0,,
RF02547,sincfold_published,6,6,0,0,1.0,0.344574017276391,0.37684676097330677
RF02547,sincfold_retrained,6,6,0,0,1.0,0.18480080510155697,0.18994122350666368
RF02557,sincfold_published,1,1,0,0,1.0,0.1875,0.32096007262781007
RF02557,sincfold_retrained,1,1,0,0,1.0,0.2127659574468085,0.21598511952306348
RF02560,sincfold_published,2,2,0,0,1.0,0.038461538461538464,0.07133837788433967
RF02560,sincfold_retrained,2,2,0,0,1.0,0.17333333333333334,0.17915754696506903
RF02564,sincfold_published,1601,1601,0,0,1.0,0.6161642236554387,0.6161651382317626
RF02564,sincfold_retrained,1601,1601,0,0,1.0,0.2439137629893589,0.23831183120158247
RF02572,sincfold_published,1,1,0,0,1.0,0.1276595744680851,0.15421082298803773
RF02572,sincfold_retrained,1,1,0,0,1.0,0.06349206349206349,0.06121834802655
RF02575,sincfold_published,3,3,0,0,1.0,0.1269950560585465,0.16608037338895587
RF02575,sincfold_retrained,3,3,0,0,1.0,0.22528339703607128,0.2284792089367984
RF02584,sincfold_published,53,53,0,0,1.0,0.02838984914456612,0.03841662058569138
RF02584,sincfold_retrained,53,53,0,0,1.0,0.06568515763562204,0.05827119428844278
RF02594,sincfold_published,112,112,0,0,1.0,0.5761457804510941,0.5959832966712094
RF02594,sincfold_retrained,112,112,0,0,1.0,0.45275541602581443,0.46066428802629644
RF02596,sincfold_published,89,89,0,0,1.0,0.6731465898939858,0.6974204383593351
RF02596,sincfold_retrained,89,89,0,0,1.0,0.627175508904798,0.635036771441038
RF02597,sincfold_published,1,1,0,0,1.0,1.0,1.0
RF02597,sincfold_retrained,1,1,0,0,1.0,1.0,1.0
RF02603,sincfold_published,25,25,0,0,1.0,0.47010498430396497,0.49392654941950276
RF02603,sincfold_retrained,25,25,0,0,1.0,0.4704211596356756,0.47572771202125047
RF02605,sincfold_published,762,762,0,0,1.0,0.4462280007368852,0.4583620305177029
RF02605,sincfold_retrained,762,762,0,0,1.0,0.4352403184510715,0.4350644950216518
RF02624,sincfold_published,1,1,0,0,1.0,1.0,1.0
RF02624,sincfold_retrained,1,1,0,0,1.0,0.6666666666666666,0.6655190314231882
RF02640,sincfold_published,16,16,0,0,1.0,0.08779710514351749,0.09395778761822501
RF02640,sincfold_retrained,16,16,0,0,1.0,0.1009462447798109,0.10527600251632838
RF02648,sincfold_published,153,153,0,0,1.0,0.01779577942206807,0.017354015984842583
RF02648,sincfold_retrained,153,153,0,0,1.0,0.007313583937305384,0.0056147065000409155
RF02664,sincfold_published,22,22,0,0,1.0,0.4361157339869166,0.46554744107307466
RF02664,sincfold_retrained,22,22,0,0,1.0,0.18734913928588848,0.19235468538318204
RF02670,sincfold_published,5,5,0,0,1.0,0.5796132151490733,0.5799925827179395
RF02670,sincfold_retrained,5,5,0,0,1.0,0.05039173856406577,0.058186534785074386
RF02671,sincfold_published,7,7,0,0,1.0,0.2959449986032543,0.303984310831531
RF02671,sincfold_retrained,7,7,0,0,1.0,0.10036066351506902,0.10103770704494816
RF02674,sincfold_published,2114,2114,0,0,1.0,0.08520506764497862,0.09796217009428752
RF02674,sincfold_retrained,2114,2114,0,0,1.0,0.03860323307108125,0.037477990119814945
RF02675,sincfold_published,6767,6767,0,0,1.0,0.020591257669072775,0.024090811062086336
RF02675,sincfold_retrained,6767,6767,0,0,1.0,0.02356690478162284,0.022908457144241466
RF02676,sincfold_published,2,2,0,0,1.0,1.0,1.0
RF02676,sincfold_retrained,2,2,0,0,1.0,0.543778801843318,0.5573490388997921
RF02680,sincfold_published,95,95,0,0,1.0,0.4737739657941177,0.4803211595272177
RF02680,sincfold_retrained,95,95,0,0,1.0,0.5705051944222451,0.5788882747699816
RF02681,sincfold_published,104,104,0,0,1.0,0.500208041060954,0.5391244024317465
RF02681,sincfold_retrained,104,104,0,0,1.0,0.6042663115370612,0.6066179462539021
RF02683,sincfold_published,1161,1161,0,0,1.0,0.7351889160176838,0.7483831586956642
RF02683,sincfold_retrained,1161,1161,0,0,1.0,0.4672215501931469,0.4785934110127584
RF02684,sincfold_published,129,129,0,0,1.0,0.7410373089190141,0.7507627734472623
RF02684,sincfold_retrained,129,129,0,0,1.0,0.5990089553332045,0.6071644879340016
RF02685,sincfold_published,45,45,0,0,1.0,0.5687734130716589,0.5784306001851522
RF02685,sincfold_retrained,45,45,0,0,1.0,0.6786253158096986,0.690732958855685
RF02693,sincfold_published,1,1,0,0,1.0,0.9315068493150684,0.9320532238925324
RF02693,sincfold_retrained,1,1,0,0,1.0,0.11538461538461539,0.1281229301682823
RF02695,sincfold_published,242,242,0,0,1.0,0.6650706630472261,0.6706467867323834
RF02695,sincfold_retrained,242,242,0,0,1.0,0.5317110956253321,0.5324332661397969
RF02697,sincfold_published,1,1,0,0,1.0,0.9767441860465116,0.9769131912850556
RF02697,sincfold_retrained,1,1,0,0,1.0,0.2857142857142857,0.3468680255235789
RF02699,sincfold_published,2,2,0,0,1.0,0.7136363636363636,0.7352143774259783
RF02699,sincfold_retrained,2,2,0,0,1.0,0.19047619047619047,0.19271625306180615
RF02700,sincfold_published,14,14,0,0,1.0,0.43597109324278904,0.4665790832536148
RF02700,sincfold_retrained,14,14,0,0,1.0,0.03571428571428571,0.03696188166349778
RF02701,sincfold_published,273,273,0,0,1.0,0.8816099992715157,0.8859954279254976
RF02701,sincfold_retrained,273,273,0,0,1.0,0.7720255771442016,0.7887171505034926
RF02713,sincfold_published,15,15,0,0,1.0,0.4803466383609585,0.513201845726233
RF02713,sincfold_retrained,15,15,0,0,1.0,0.48694194933860163,0.4952894235595705
RF02714,sincfold_published,12,12,0,0,1.0,0.27645891523787025,0.3632764975420542
RF02714,sincfold_retrained,12,12,0,0,1.0,0.3537711595317461,0.3615810418839662
RF02716,sincfold_published,1,1,0,0,1.0,0.0,-0.0014782431944651141
RF02716,sincfold_retrained,1,1,0,0,1.0,0.19047619047619047,0.20804012142170555
RF02718,sincfold_published,13,13,0,0,1.0,0.12307289450135137,0.15320300858944275
RF02718,sincfold_retrained,13,13,0,0,1.0,0.11714531921080054,0.11846385771097061
RF02720,sincfold_published,1,1,0,0,1.0,0.45161290322580644,0.5150813940668185
RF02720,sincfold_retrained,1,1,0,0,1.0,0.21428571428571427,0.27857078186185535
RF02722,sincfold_published,2,2,0,0,1.0,0.8214285714285714,0.8358355967791957
RF02722,sincfold_retrained,2,2,0,0,1.0,0.17857142857142855,0.1880559508503612
RF02730,sincfold_published,4,4,0,0,1.0,0.361968085106383,0.4150143002145044
RF02730,sincfold_retrained,4,4,0,0,1.0,0.2395238095238095,0.2744372627092365
RF02736,sincfold_published,559,559,0,0,1.0,0.027758869519409646,0.029654190998677533
RF02736,sincfold_retrained,559,559,0,0,1.0,0.013445262775063091,0.012553901595052822
RF02746,sincfold_published,64,1,63,0,0.015625,0.0,-0.0006600040904564862
RF02746,sincfold_retrained,64,1,63,0,0.015625,0.037209302325581395,0.03794625863933917
RF02748,sincfold_published,22,22,0,0,1.0,0.5662011621421905,0.5863048681520575
RF02748,sincfold_retrained,22,22,0,0,1.0,0.3364372749418727,0.33988985937194943
RF02753,sincfold_published,32,32,0,0,1.0,0.5091158802731273,0.5318601931071433
RF02753,sincfold_retrained,32,32,0,0,1.0,0.5540269374384866,0.563889456522869
RF02754,sincfold_published,3,3,0,0,1.0,0.44230769230769235,0.44673928737773255
RF02754,sincfold_retrained,3,3,0,0,1.0,0.7514367816091955,0.7508503947115552
RF02755,sincfold_published,115,115,0,0,1.0,0.14798558933298137,0.16886886582417077
RF02755,sincfold_retrained,115,115,0,0,1.0,0.04754563696354762,0.05109409365963224
RF02757,sincfold_published,467,467,0,0,1.0,0.0336890126455023,0.03903692752151122
RF02757,sincfold_retrained,467,467,0,0,1.0,0.051125764137701625,0.05125171172884892
RF02758,sincfold_published,1,1,0,0,1.0,0.7868852459016393,0.7990614513018782
RF02758,sincfold_retrained,1,1,0,0,1.0,0.0,-0.0031771116736724896
RF02770,sincfold_published,1032,1032,0,0,1.0,0.4207648060109225,0.46979685998595955
RF02770,sincfold_retrained,1032,1032,0,0,1.0,0.3241077281646778,0.33429444213056025
RF02774,sincfold_published,22,22,0,0,1.0,0.5086799508646218,0.5391427310337709
RF02774,sincfold_retrained,22,22,0,0,1.0,0.2820552432366318,0.2985751914344448
RF02775,sincfold_published,24,24,0,0,1.0,0.14706530690903907,0.18245215626287478
RF02775,sincfold_retrained,24,24,0,0,1.0,0.0,-0.0026309482395991926
RF02776,sincfold_published,1,1,0,0,1.0,0.972972972972973,0.9732142796421211
RF02776,sincfold_retrained,1,1,0,0,1.0,0.05263157894736842,0.0484847938250845
RF02778,sincfold_published,29,29,0,0,1.0,0.4126033495653883,0.42982407728914784
RF02778,sincfold_retrained,29,29,0,0,1.0,0.2719328706411924,0.2805282626955665
RF02779,sincfold_published,21,21,0,0,1.0,0.5030355267670757,0.5510439264162507
RF02779,sincfold_retrained,21,21,0,0,1.0,0.2033088338514241,0.212127859034751
RF02780,sincfold_published,17,17,0,0,1.0,0.3861992485681051,0.44013790560939015
RF02780,sincfold_retrained,17,17,0,0,1.0,0.08308600360020471,0.08428095916907542
RF02781,sincfold_published,10,10,0,0,1.0,0.5407309253356789,0.5954984814039737
RF02781,sincfold_retrained,10,10,0,0,1.0,0.28873416820231784,0.32343910081068794
RF02787,sincfold_published,6,6,0,0,1.0,0.7020600165417239,0.7414651009119343
RF02787,sincfold_retrained,6,6,0,0,1.0,0.024999999999999998,0.023858297408225728
RF02789,sincfold_published,8,8,0,0,1.0,0.7904614374952842,0.806087924800938
RF02789,sincfold_retrained,8,8,0,0,1.0,0.4981560040383428,0.5344108973585315
RF02793,sincfold_published,5,5,0,0,1.0,0.5512267536110453,0.5818108159896491
RF02793,sincfold_retrained,5,5,0,0,1.0,0.6085586083963366,0.6066433190855104
RF02800,sincfold_published,1009,1009,0,0,1.0,0.03404658856890118,0.03908762637066357
RF02800,sincfold_retrained,1009,1009,0,0,1.0,0.035831589621563686,0.03619779842085711
RF02803,sincfold_published,5,5,0,0,1.0,0.18666666666666668,0.19304928146714842
RF02803,sincfold_retrained,5,5,0,0,1.0,0.05217391304347826,0.04630194342088625
RF02813,sincfold_published,18,18,0,0,1.0,0.05925925925925926,0.08508332180583414
RF02813,sincfold_retrained,18,18,0,0,1.0,0.060887260887260895,0.06286786500916737
RF02821,sincfold_published,2,2,0,0,1.0,0.8470809792843692,0.8539371401810288
RF02821,sincfold_retrained,2,2,0,0,1.0,0.5599377270368449,0.5801997439177702
RF02823,sincfold_published,239,239,0,0,1.0,0.300755125609389,0.3422357310311113
RF02823,sincfold_retrained,239,239,0,0,1.0,0.2626061093041622,0.28439479518254235
RF02827,sincfold_published,219,219,0,0,1.0,0.764799835671061,0.7739527284293211
RF02827,sincfold_retrained,219,219,0,0,1.0,0.7481372816183992,0.7483847784597737
RF02831,sincfold_published,323,323,0,0,1.0,0.6770053034475416,0.7012279315715336
RF02831,sincfold_retrained,323,323,0,0,1.0,0.4987293525394888,0.5081350662943986
RF02835,sincfold_published,1148,1148,0,0,1.0,0.04317480782308115,0.05057726615193123
RF02835,sincfold_retrained,1148,1148,0,0,1.0,0.00860341463315155,0.005744324139935745
RF02836,sincfold_published,687,687,0,0,1.0,0.015261755582291236,0.017536165407689232
RF02836,sincfold_retrained,687,687,0,0,1.0,0.03387529354695609,0.03320804317527874
RF02841,sincfold_published,20,20,0,0,1.0,0.7028038941721056,0.7116362471359855
RF02841,sincfold_retrained,20,20,0,0,1.0,0.16095817557463965,0.16364021106277402
RF02854,sincfold_published,12,12,0,0,1.0,0.5919400136778612,0.6260913982917712
RF02854,sincfold_retrained,12,12,0,0,1.0,0.3977850347479464,0.4131578107225187
RF02856,sincfold_published,1,1,0,0,1.0,1.0,1.0
RF02856,sincfold_retrained,1,1,0,0,1.0,0.711864406779661,0.7106652104439293
RF02857,sincfold_published,3,3,0,0,1.0,0.5664877757901013,0.5705431838292175
RF02857,sincfold_retrained,3,3,0,0,1.0,0.07469501806038302,0.0753947942064666
RF02875,sincfold_published,19,19,0,0,1.0,0.6874252333069598,0.6904052844135957
RF02875,sincfold_retrained,19,19,0,0,1.0,0.6718216726483766,0.674338145128637
RF02879,sincfold_published,116,116,0,0,1.0,0.17858515394455704,0.19675338198632017
RF02879,sincfold_retrained,116,116,0,0,1.0,0.04327072652278265,0.04276038254583416
RF02881,sincfold_published,46,46,0,0,1.0,0.20361450674674145,0.21298515106664506
RF02881,sincfold_retrained,46,46,0,0,1.0,0.1286763135143971,0.1286544787312679
RF02882,sincfold_published,88,88,0,0,1.0,0.08921317165369859,0.1136740020443301
RF02882,sincfold_retrained,88,88,0,0,1.0,0.04410279021385712,0.04841947453808455
RF02888,sincfold_published,4,4,0,0,1.0,0.4732620320855615,0.48372697147594296
RF02888,sincfold_retrained,4,4,0,0,1.0,0.0,-0.008052840672868888
RF02889,sincfold_published,13,13,0,0,1.0,0.5682219030022554,0.5911199526342554
RF02889,sincfold_retrained,13,13,0,0,1.0,0.21186506727682916,0.2104702331399088
RF02896,sincfold_published,26,26,0,0,1.0,0.173573527921354,0.17524419153118623
RF02896,sincfold_retrained,26,26,0,0,1.0,0.0,-0.0019220228405003802
RF02902,sincfold_published,425,425,0,0,1.0,0.5902856740035716,0.6186651487382239
RF02902,sincfold_retrained,425,425,0,0,1.0,0.526827188964281,0.5338452352772022
RF02907,sincfold_published,15,15,0,0,1.0,0.9359034052367385,0.9368438898637428
RF02907,sincfold_retrained,15,15,0,0,1.0,0.5962186036611323,0.5959990074938244
RF02909,sincfold_published,30,30,0,0,1.0,0.4233117198761166,0.4362787086480916
RF02909,sincfold_retrained,30,30,0,0,1.0,0.22714754887805488,0.2271212086866489
RF02911,sincfold_published,49,49,0,0,1.0,0.1282216998001406,0.13374631130668754
RF02911,sincfold_retrained,49,49,0,0,1.0,0.08882117552274715,0.08841932606890097
RF02912,sincfold_published,76,76,0,0,1.0,0.5047352805907867,0.5324902537150624
RF02912,sincfold_retrained,76,76,0,0,1.0,0.38242517439995405,0.40807449988075173
RF02915,sincfold_published,186,186,0,0,1.0,0.8829262080496114,0.8879688584290676
RF02915,sincfold_retrained,186,186,0,0,1.0,0.6877027754528207,0.6907293783481169
RF02916,sincfold_published,246,246,0,0,1.0,0.6624757693625404,0.6713768481847068
RF02916,sincfold_retrained,246,246,0,0,1.0,0.501291176434027,0.5144255835332737
RF02922,sincfold_published,61,61,0,0,1.0,0.7838025239661172,0.7907804341805226
RF02922,sincfold_retrained,61,61,0,0,1.0,0.547655176541318,0.5515189162751184
RF02923,sincfold_published,43,43,0,0,1.0,0.7129211765139178,0.7282600681525411
RF02923,sincfold_retrained,43,43,0,0,1.0,0.4538882259216462,0.4641518714838303
RF02925,sincfold_published,180,180,0,0,1.0,0.8813361923307746,0.8875282666122146
RF02925,sincfold_retrained,180,180,0,0,1.0,0.6971120723197601,0.7197123298678927
RF02927,sincfold_published,2,2,0,0,1.0,1.0,1.0
RF02927,sincfold_retrained,2,2,0,0,1.0,0.8333333333333333,0.8351755548224957
RF02930,sincfold_published,157,157,0,0,1.0,0.7180542336470376,0.7362289893095176
RF02930,sincfold_retrained,157,157,0,0,1.0,0.47606694642592423,0.48503298436112224
RF02935,sincfold_published,764,764,0,0,1.0,0.7966219034801518,0.8043586926536289
RF02935,sincfold_retrained,764,764,0,0,1.0,0.6219564334052483,0.6236334526641564
RF02951,sincfold_published,213,213,0,0,1.0,0.846716623577722,0.850150581576732
RF02951,sincfold_retrained,213,213,0,0,1.0,0.5890055556608036,0.5904860888180925
RF02954,sincfold_published,5,5,0,0,1.0,0.7794269392622172,0.7847629085472599
RF02954,sincfold_retrained,5,5,0,0,1.0,0.4511323763955343,0.4534864294069479
RF02957,sincfold_published,369,369,0,0,1.0,0.8146198482763399,0.8200400043321642
RF02957,sincfold_retrained,369,369,0,0,1.0,0.5843235343814654,0.5888500439012596
RF02962,sincfold_published,71,71,0,0,1.0,0.7635827173081944,0.7731910873967891
RF02962,sincfold_retrained,71,71,0,0,1.0,0.5703080322913827,0.5740672396312655
RF02965,sincfold_published,334,334,0,0,1.0,0.8135938066344865,0.8211823577214813
RF02965,sincfold_retrained,334,334,0,0,1.0,0.6492575802885213,0.6519687410545252
RF02966,sincfold_published,85,85,0,0,1.0,0.8310015445663212,0.8385678486744802
RF02966,sincfold_retrained,85,85,0,0,1.0,0.4871025983168477,0.4948430053606168
RF02967,sincfold_published,261,261,0,0,1.0,0.8047691068767641,0.8156448059599709
RF02967,sincfold_retrained,261,261,0,0,1.0,0.6025317098297122,0.6154483772400907
RF02971,sincfold_published,19,19,0,0,1.0,0.8708176748718012,0.8806518510835977
RF02971,sincfold_retrained,19,19,0,0,1.0,0.655605866282241,0.6715740946097385
RF02975,sincfold_published,752,752,0,0,1.0,0.9547423427718058,0.9564696442794408
RF02975,sincfold_retrained,752,752,0,0,1.0,0.40240525813429623,0.40703820440288024
RF02976,sincfold_published,1,1,0,0,1.0,0.5964912280701754,0.616895859529349
RF02976,sincfold_retrained,1,1,0,0,1.0,0.3157894736842105,0.32477247200848736
RF02977,sincfold_published,146,146,0,0,1.0,0.7161155014976197,0.736712479735086
RF02977,sincfold_retrained,146,146,0,0,1.0,0.590382938872397,0.5924185865857016
RF02982,sincfold_published,135,135,0,0,1.0,0.8099966548504187,0.8173697399816565
RF02982,sincfold_retrained,135,135,0,0,1.0,0.6420945214175973,0.6496490925808027
RF02992,sincfold_published,172,172,0,0,1.0,0.7434914138921677,0.7587005756087387
RF02992,sincfold_retrained,172,172,0,0,1.0,0.23361454977037,0.2328602769706644
RF02999,sincfold_published,505,505,0,0,1.0,0.834568795330057,0.8447056655443211
RF02999,sincfold_retrained,505,505,0,0,1.0,0.5697770330531878,0.5852985745270237
RF03001,sincfold_published,93,93,0,0,1.0,0.9230124312142688,0.9274461028093836
RF03001,sincfold_retrained,93,93,0,0,1.0,0.7009048678128871,0.7121583623971248
RF03002,sincfold_published,10,10,0,0,1.0,0.8832762052189297,0.8888571751810732
RF03002,sincfold_retrained,10,10,0,0,1.0,0.6447899812605696,0.6484178094742344
RF03003,sincfold_published,224,224,0,0,1.0,0.5377454890052115,0.555465367550817
RF03003,sincfold_retrained,224,224,0,0,1.0,0.19352897971024866,0.19614919495002417
RF03004,sincfold_published,13,13,0,0,1.0,0.6502919040447644,0.6619595830926879
RF03004,sincfold_retrained,13,13,0,0,1.0,0.14048905226624192,0.15124872097928282
RF03005,sincfold_published,108,108,0,0,1.0,0.6253646888211859,0.6415443725599833
RF03005,sincfold_retrained,108,108,0,0,1.0,0.41830703465368146,0.4215471907024863
RF03006,sincfold_published,38,38,0,0,1.0,0.768062274768849,0.776665607121117
RF03006,sincfold_retrained,38,38,0,0,1.0,0.5986912838808913,0.5977221438283806
RF03007,sincfold_published,7,7,0,0,1.0,0.9076411960132891,0.9127305795627303
RF03007,sincfold_retrained,7,7,0,0,1.0,0.5034261614243452,0.5065417250515426
RF03009,sincfold_published,43,43,0,0,1.0,0.7786692171358854,0.7857266616634361
RF03009,sincfold_retrained,43,43,0,0,1.0,0.46678254743698266,0.47280404019274086
RF03010,sincfold_published,8,8,0,0,1.0,0.9270729270729271,0.930113643151637
RF03010,sincfold_retrained,8,8,0,0,1.0,0.30113636363636365,0.30913670062514326
RF03015,sincfold_published,536,536,0,0,1.0,0.7930129298326971,0.8063560835323812
RF03015,sincfold_retrained,536,536,0,0,1.0,0.6415558776111155,0.6555957147005872
RF03018,sincfold_published,217,217,0,0,1.0,0.8050792119766074,0.8126011080939681
RF03018,sincfold_retrained,217,217,0,0,1.0,0.46889584396869244,0.4745387977657487
RF03023,sincfold_published,33,33,0,0,1.0,0.8109277725323331,0.8206196824420204
RF03023,sincfold_retrained,33,33,0,0,1.0,0.6436150757086327,0.6479751300012839
RF03024,sincfold_published,6,6,0,0,1.0,0.9609250398724084,0.9632531519594288
RF03024,sincfold_retrained,6,6,0,0,1.0,0.7754741019214704,0.7920072357454396
RF03028,sincfold_published,56,56,0,0,1.0,0.5643971887651575,0.5805332612685449
RF03028,sincfold_retrained,56,56,0,0,1.0,0.37918768598547764,0.3846311237461344
RF03037,sincfold_published,45,45,0,0,1.0,0.5872088245428155,0.5914030986434788
RF03037,sincfold_retrained,45,45,0,0,1.0,0.36585305462072376,0.36781553510085374
RF03040,sincfold_published,106,106,0,0,1.0,0.7235235649644688,0.7360789192872569
RF03040,sincfold_retrained,106,106,0,0,1.0,0.35196874741294276,0.35533640843240455
RF03042,sincfold_published,34,34,0,0,1.0,0.5845345014462662,0.5931115890181383
RF03042,sincfold_retrained,34,34,0,0,1.0,0.4222240658226818,0.42731761277191777
RF03043,sincfold_published,8,8,0,0,1.0,0.8042744297914135,0.8055886770993741
RF03043,sincfold_retrained,8,8,0,0,1.0,0.5869776717487899,0.5865928032795326
RF03044,sincfold_published,259,259,0,0,1.0,0.6281542355532195,0.6398634213810976
RF03044,sincfold_retrained,259,259,0,0,1.0,0.3847391276364572,0.3894697523916184
RF03045,sincfold_published,87,87,0,0,1.0,0.786356342493808,0.7889501362807324
RF03045,sincfold_retrained,87,87,0,0,1.0,0.6189987975801038,0.6231332552449367
RF03047,sincfold_published,12,12,0,0,1.0,0.5589165837411452,0.6028232003460968
RF03047,sincfold_retrained,12,12,0,0,1.0,0.5749612064966887,0.5965978818047101
RF03056,sincfold_published,28,28,0,0,1.0,0.4538327193225468,0.468754048802567
RF03056,sincfold_retrained,28,28,0,0,1.0,0.333437778823135,0.3389693402240287
RF03058,sincfold_published,1111,1111,0,0,1.0,0.8583205683366942,0.8603886956082333
RF03058,sincfold_retrained,1111,1111,0,0,1.0,0.38844557109086575,0.3924610443758312
RF03072,sincfold_published,2245,2245,0,0,1.0,0.5304772252614235,0.5332235136374702
RF03072,sincfold_retrained,2245,2245,0,0,1.0,0.3268822523614646,0.3296874030102446
RF03074,sincfold_published,937,937,0,0,1.0,0.8261288647038849,0.8330047753385451
RF03074,sincfold_retrained,937,937,0,0,1.0,0.5578547947280474,0.5664103823243435
RF03077,sincfold_published,245,245,0,0,1.0,0.5984247992585603,0.6056369161735751
RF03077,sincfold_retrained,245,245,0,0,1.0,0.28014596998790364,0.28141112532909
RF03079,sincfold_published,248,1,247,0,0.004032258064516129,0.43523316062176165,0.43527805576233436
RF03079,sincfold_retrained,248,1,247,0,0.004032258064516129,0.42592592592592593,0.4263364167931715
RF03085,sincfold_published,387,387,0,0,1.0,0.8801098801998806,0.8862817986432953
RF03085,sincfold_retrained,387,387,0,0,1.0,0.6344902312249162,0.6402266517140133
RF03087,sincfold_published,226,0,226,0,0.0,,
RF03087,sincfold_retrained,226,0,226,0,0.0,,
RF03090,sincfold_published,3,3,0,0,1.0,0.9041563501121569,0.9043037080105661
RF03090,sincfold_retrained,3,3,0,0,1.0,0.49836851662694354,0.4979903798567607
RF03111,sincfold_published,19,19,0,0,1.0,0.6633038014616963,0.6653319891778309
RF03111,sincfold_retrained,19,19,0,0,1.0,0.4090214734299793,0.4226098191039885
RF03114,sincfold_published,1,1,0,0,1.0,0.08333333333333333,0.09038275201932443
RF03114,sincfold_retrained,1,1,0,0,1.0,0.36666666666666664,0.3686018649965223
RF03115,sincfold_published,62,62,0,0,1.0,0.8340936769788,0.840243569149283
RF03115,sincfold_retrained,62,62,0,0,1.0,0.5950543292144242,0.6003565587793197
RF03126,sincfold_published,97,97,0,0,1.0,0.49423277851654057,0.5081076271783914
RF03126,sincfold_retrained,97,97,0,0,1.0,0.2954742609440255,0.29644308736959113
RF03127,sincfold_published,621,621,0,0,1.0,0.2570680995989371,0.3122229869483189
RF03127,sincfold_retrained,621,621,0,0,1.0,0.35571200193744196,0.3855362971350407
RF03128,sincfold_published,82,82,0,0,1.0,0.8806169778730748,0.8844148397679438
RF03128,sincfold_retrained,82,82,0,0,1.0,0.9076096460110649,0.9086986474683629
RF03134,sincfold_published,77,77,0,0,1.0,0.5196941912068459,0.5536249810446056
RF03134,sincfold_retrained,77,77,0,0,1.0,0.587947151447329,0.5907733920657132
RF03138,sincfold_published,168,168,0,0,1.0,0.7891177621338621,0.7977664064202381
RF03138,sincfold_retrained,168,168,0,0,1.0,0.8607890976839844,0.862234625060407
RF03141,sincfold_published,233,233,0,0,1.0,0.6271140184559184,0.6494087867385222
RF03141,sincfold_retrained,233,233,0,0,1.0,0.6085458546818099,0.6122162295744273
RF03144,sincfold_published,202,202,0,0,1.0,0.4259990683863359,0.44866867213368683
RF03144,sincfold_retrained,202,202,0,0,1.0,0.381129344302125,0.3839245771553555
RF03145,sincfold_published,3,3,0,0,1.0,0.4689199052813849,0.4743191529179138
RF03145,sincfold_retrained,3,3,0,0,1.0,0.37907481439177615,0.3789572364722722
RF03148,sincfold_published,69,69,0,0,1.0,0.3153107909352327,0.35448451776219786
RF03148,sincfold_retrained,69,69,0,0,1.0,0.3044995560222934,0.3148559837943334
RF03152,sincfold_published,4,4,0,0,1.0,0.48167172739541164,0.5199255713384737
RF03152,sincfold_retrained,4,4,0,0,1.0,0.5215630032206119,0.5604924824566062
RF03154,sincfold_published,10,10,0,0,1.0,0.5403664527826635,0.5663510815902587
RF03154,sincfold_retrained,10,10,0,0,1.0,0.5565829968847844,0.5703831426897971
RF03156,sincfold_published,295,295,0,0,1.0,0.5197802103734309,0.5407624454293749
RF03156,sincfold_retrained,295,295,0,0,1.0,0.33242805686264804,0.32632836265377524
RF03160,sincfold_published,5360,5360,0,0,1.0,0.3884289712055107,0.41992106183095057
RF03160,sincfold_retrained,5360,5360,0,0,1.0,0.28404868362436103,0.2883581169800182
RF03164,sincfold_published,22,22,0,0,1.0,0.5146144996794594,0.5619169891876807
RF03164,sincfold_retrained,22,22,0,0,1.0,0.4275645338486965,0.46365313070326764
RF03166,sincfold_published,1435,1435,0,0,1.0,0.4010412540188962,0.4218832888280706
RF03166,sincfold_retrained,1435,1435,0,0,1.0,0.2662064201737331,0.2733841916738964
RF03167,sincfold_published,9003,9003,0,0,1.0,0.7006067578179422,0.7160711324315846
RF03167,sincfold_retrained,9003,9003,0,0,1.0,0.4511131619135319,0.4621873811228548
RF03168,sincfold_published,6731,6731,0,0,1.0,0.7939954019813716,0.80628215350453
RF03168,sincfold_retrained,6731,6731,0,0,1.0,0.48788120625799597,0.4974134694820104
RF03169,sincfold_published,2022,2022,0,0,1.0,0.5227956480288567,0.5530381939290092
RF03169,sincfold_retrained,2022,2022,0,0,1.0,0.534129003689576,0.5423223628625928
RF03170,sincfold_published,702,702,0,0,1.0,0.554329520009572,0.5843599001676016
RF03170,sincfold_retrained,702,702,0,0,1.0,0.5955752007636735,0.6024777276718609
RF03176,sincfold_published,52,52,0,0,1.0,0.029538435402998973,0.04039093216449167
RF03176,sincfold_retrained,52,52,0,0,1.0,0.4085096155952976,0.4347195329608379
RF03228,sincfold_published,11,11,0,0,1.0,0.7348069972521383,0.7577911952281359
RF03228,sincfold_retrained,11,11,0,0,1.0,0.8229286798559244,0.8250749750952721
RF03388,sincfold_published,4,4,0,0,1.0,0.29441239316239315,0.31404271573892123
RF03388,sincfold_retrained,4,4,0,0,1.0,0.5461288711288711,0.5480881143361895
RF03521,sincfold_published,12,12,0,0,1.0,0.3139148117873946,0.3377825737004741
RF03521,sincfold_retrained,12,12,0,0,1.0,0.45770790829292946,0.46625095004446854
RF03531,sincfold_published,2914,2914,0,0,1.0,0.027115176190175522,0.03180833359829504
RF03531,sincfold_retrained,2914,2914,0,0,1.0,0.05863306669347546,0.06035596067026684
RF03576,sincfold_published,15,15,0,0,1.0,0.2993084063791713,0.34709744808834786
RF03576,sincfold_retrained,15,15,0,0,1.0,0.4265645967849577,0.4293483938962444
RF03740,sincfold_published,8,8,0,0,1.0,0.46497297991863207,0.499530612812537
RF03740,sincfold_retrained,8,8,0,0,1.0,0.42799896345666155,0.43203655633913485
RF03772,sincfold_published,2,2,0,0,1.0,0.1111111111111111,0.17606816861659008
RF03772,sincfold_retrained,2,2,0,0,1.0,0.23809523809523808,0.23621802584618806
RF03838,sincfold_published,14,14,0,0,1.0,0.4625145796051321,0.5173898400610076
RF03838,sincfold_retrained,14,14,0,0,1.0,0.6759639339537641,0.6779172027205892
RF03963,sincfold_published,3,3,0,0,1.0,0.38095238095238093,0.48383418552782836
RF03963,sincfold_retrained,3,3,0,0,1.0,0.5217391304347826,0.5928057735220763
RF04188,sincfold_published,60,60,0,0,1.0,0.03035261361745173,0.032556833841006334
RF04188,sincfold_retrained,60,60,0,0,1.0,0.03181839980255961,0.031860780741801674
RF04200,sincfold_published,156,156,0,0,1.0,0.025620140077541938,0.029653408948633286
RF04200,sincfold_retrained,156,156,0,0,1.0,0.0035351377018043684,0.0005167600952195721
RF04218,sincfold_published,1,1,0,0,1.0,0.0,-0.0034855388709848253
RF04218,sincfold_retrained,1,1,0,0,1.0,0.47619047619047616,0.5007854467148545
RF04221,sincfold_published,1,1,0,0,1.0,0.4,0.4552864953668301
RF04221,sincfold_retrained,1,1,0,0,1.0,0.6666666666666666,0.6640857185642387
RF04222,sincfold_published,82,82,0,0,1.0,0.08228498803306165,0.09176875669196571
RF04222,sincfold_retrained,82,82,0,0,1.0,0.03686599753423407,0.035185139308217726
RF04305,sincfold_published,2,2,0,0,1.0,0.22727272727272727,0.22401732828300902
RF04305,sincfold_retrained,2,2,0,0,1.0,0.40293040293040294,0.3988720599630242
RF04308,sincfold_published,1,1,0,0,1.0,0.2,0.1971426937656258
RF04308,sincfold_retrained,1,1,0,0,1.0,0.15384615384615385,0.14869463602447425
RF04310,sincfold_published,14,14,0,0,1.0,0.38725577835775316,0.44195231577934335
RF04310,sincfold_retrained,14,14,0,0,1.0,0.4383048650887331,0.45232070927452644
RF00006,lyra_transpred,2481,2481,0,0,1.0,0.2947001864785088,0.3325569748773755
RF00020,lyra_transpred,19279,19279,0,0,1.0,0.8475910655296719,0.8589808292211742
RF00038,lyra_transpred,8,8,0,0,1.0,0.0,-0.0004254538718861182
RF00044,lyra_transpred,2,2,0,0,1.0,0.39339019189765456,0.3949460906440292
RF00048,lyra_transpred,54,54,0,0,1.0,0.3662011260749331,0.4147262613013343
RF00072,lyra_transpred,349,349,0,0,1.0,0.45627509022809376,0.5149393648727919
RF00078,lyra_transpred,285,285,0,0,1.0,0.212096359018114,0.22233310889136035
RF00088,lyra_transpred,242,242,0,0,1.0,0.0006357279084551812,-0.002865934671643447
RF00099,lyra_transpred,901,901,0,0,1.0,0.6035983468560479,0.6437985824162508
RF00115,lyra_transpred,108,108,0,0,1.0,0.4052212914821292,0.43626756058214344
RF00124,lyra_transpred,16,16,0,0,1.0,0.4055986139494425,0.45582352111563124
RF00127,lyra_transpred,4087,4087,0,0,1.0,0.20076565799978516,0.21009086045208059
RF00132,lyra_transpred,990,990,0,0,1.0,0.4550596439904326,0.5295479353542939
RF00137,lyra_transpred,858,858,0,0,1.0,0.615396456424356,0.6397569000557232
RF00138,lyra_transpred,999,999,0,0,1.0,0.41035393336400455,0.4898432590142781
RF00145,lyra_transpred,454,454,0,0,1.0,0.07055862421081348,0.07176217217237978
RF00153,lyra_transpred,522,522,0,0,1.0,0.8967602435152202,0.9021765382086634
RF00156,lyra_transpred,4241,4241,0,0,1.0,0.2680510162116353,0.3184468311365629
RF00168,lyra_transpred,15562,15559,3,0,0.9998072227220152,0.8627892394052008,0.8706492787328408
RF00170,lyra_transpred,85,85,0,0,1.0,0.7956181036874131,0.8148302151671387
RF00171,lyra_transpred,19,19,0,0,1.0,0.29435657482756145,0.3112955183766757
RF00172,lyra_transpred,267,267,0,0,1.0,0.0031096635855393288,0.0004829562019370134
RF00175,lyra_transpred,71,71,0,0,1.0,0.3330030048914047,0.3489325799351889
RF00176,lyra_transpred,23,23,0,0,1.0,0.06753615644471053,0.07956644371618239
RF00179,lyra_transpred,88,88,0,0,1.0,0.4770789366853305,0.5147106226476675
RF00180,lyra_transpred,59,59,0,0,1.0,0.1815912541549656,0.2155663483804816
RF00187,lyra_transpred,253,253,0,0,1.0,0.7508790437460189,0.7848133882973274
RF00196,lyra_transpred,4,4,0,0,1.0,0.8944444444444445,0.8951565115171727
RF00198,lyra_transpred,185,185,0,0,1.0,0.7840387630435716,0.8037241918934411
RF00201,lyra_transpred,911,911,0,0,1.0,0.5171968408219806,0.564453906206713
RF00214,lyra_transpred,103,103,0,0,1.0,0.7053039232637179,0.718086943546674
RF00215,lyra_transpred,30,30,0,0,1.0,0.6732897013528618,0.6990127502541239
RF00218,lyra_transpred,553,553,0,0,1.0,0.9551429902600853,0.9596355744406875
RF00225,lyra_transpred,7,7,0,0,1.0,0.1671691294283146,0.1665159438788661
RF00228,lyra_transpred,20,0,20,0,0.0,,
RF00232,lyra_transpred,98,98,0,0,1.0,0.8949943147906134,0.8981073437653101
RF00233,lyra_transpred,60,60,0,0,1.0,0.30875955176141623,0.3148080293521733
RF00272,lyra_transpred,487,487,0,0,1.0,0.7486942198592406,0.7732830094790022
RF00292,lyra_transpred,22,22,0,0,1.0,0.24314914645103325,0.2930705624451951
RF00294,lyra_transpred,21,21,0,0,1.0,0.0,-0.0001408307903512557
RF00302,lyra_transpred,895,895,0,0,1.0,0.3872559839062925,0.41965578420456495
RF00303,lyra_transpred,772,772,0,0,1.0,0.26953713028628945,0.3247536331575726
RF00304,lyra_transpred,738,738,0,0,1.0,0.8109267971919418,0.8260568856121814
RF00311,lyra_transpred,74,74,0,0,1.0,0.7916557627310791,0.802336806910546
RF00313,lyra_transpred,16,16,0,0,1.0,0.9113304093567253,0.9159729839071915
RF00320,lyra_transpred,12,12,0,0,1.0,0.6929824561403509,0.7024651063498181
RF00321,lyra_transpred,5903,5903,0,0,1.0,0.05042503111748872,0.059194473617458776
RF00323,lyra_transpred,3,3,0,0,1.0,0.9090909090909091,0.9126509337680154
RF00329,lyra_transpred,104,104,0,0,1.0,0.5301831905737202,0.5475195319731221
RF00336,lyra_transpred,23,23,0,0,1.0,0.0032813781788351105,0.002600533278595614
RF00338,lyra_transpred,5,5,0,0,1.0,0.33045648604269295,0.36045639388708745
RF00341,lyra_transpred,512,512,0,0,1.0,0.5681384166024797,0.5906755489988046
RF00348,lyra_transpred,91,91,0,0,1.0,0.1256349833655817,0.16528230539021257
RF00349,lyra_transpred,602,602,0,0,1.0,0.7104195988820958,0.7456579426911337
RF00355,lyra_transpred,222,222,0,0,1.0,0.5059893394334596,0.5803082500612886
RF00368,lyra_transpred,231,231,0,0,1.0,0.4327535871902152,0.48824667090466184
RF00374,lyra_transpred,44,44,0,0,1.0,0.8181617414006618,0.8312709913128749
RF00383,lyra_transpred,196,196,0,0,1.0,0.11297976721419771,0.12956169871152173
RF00384,lyra_transpred,11,11,0,0,1.0,0.0371900826446281,0.032137480063765406
RF00389,lyra_transpred,41,41,0,0,1.0,0.0,-0.0011994764573846222
RF00393,lyra_transpred,1221,1221,0,0,1.0,0.8966279521062511,0.9039759261299284
RF00403,lyra_transpred,557,557,0,0,1.0,0.764737655078177,0.7857490421338881
RF00420,lyra_transpred,726,726,0,0,1.0,0.4262129713490203,0.48833622199552357
RF00421,lyra_transpred,528,528,0,0,1.0,0.7715384123882207,0.7922220826117371
RF00424,lyra_transpred,679,679,0,0,1.0,0.7923293234981298,0.80714376093991
RF00427,lyra_transpred,354,354,0,0,1.0,0.5404085389058563,0.5595257748222198
RF00434,lyra_transpred,28,28,0,0,1.0,0.2763172978098341,0.2846812890886474
RF00448,lyra_transpred,8,8,0,0,1.0,0.04565265364669535,0.0449088758622742
RF00449,lyra_transpred,112,1,111,0,0.008928571428571428,0.0,-0.00031083347308542023
RF00457,lyra_transpred,93,92,1,0,0.989247311827957,0.7407322100932999,0.7640649636719689
RF00459,lyra_transpred,2777,224,2553,0,0.0806625855239467,0.4191278524440504,0.45186631148279177
RF00460,lyra_transpred,344,344,0,0,1.0,0.9170092549219195,0.9227722984505079
RF00463,lyra_transpred,18,18,0,0,1.0,0.0,-0.0027990854260007605
RF00470,lyra_transpred,29,0,29,0,0.0,,
RF00484,lyra_transpred,66,66,0,0,1.0,0.6440713792601316,0.6849182973959198
RF00495,lyra_transpred,65,65,0,0,1.0,0.008780491766475055,0.010694123977601918
RF00504,lyra_transpred,25727,25727,0,0,1.0,0.8362324354392947,0.8526392487693802
RF00520,lyra_transpred,197,197,0,0,1.0,0.735694289132429,0.7579804741961538
RF00522,lyra_transpred,1444,1444,0,0,1.0,0.4952039540130342,0.549721126701903
RF00533,lyra_transpred,38,38,0,0,1.0,0.38457897121617185,0.4658072190833186
RF00536,lyra_transpred,43,43,0,0,1.0,0.2993098131603075,0.37297619108506264
RF00537,lyra_transpred,46,46,0,0,1.0,0.24362349102129727,0.3215275873524766
RF00538,lyra_transpred,54,54,0,0,1.0,0.04163685327947994,0.04625192644223974
RF00541,lyra_transpred,16,16,0,0,1.0,0.23320065990373826,0.2623220623239788
RF00549,lyra_transpred,120,2,118,0,0.016666666666666666,0.09420289855072464,0.09383359655938696
RF00550,lyra_transpred,46,46,0,0,1.0,0.6110645665692485,0.6436141815800198
RF00559,lyra_transpred,2354,2354,0,0,1.0,0.23199619200347002,0.25377704015816377
RF00582,lyra_transpred,702,702,0,0,1.0,0.8165456096843913,0.8311288524023199
RF00614,lyra_transpred,1555,1555,0,0,1.0,0.4092528992853121,0.4405873973319701
RF00616,lyra_transpred,148,148,0,0,1.0,0.6135799693293836,0.6536239782161009
RF00620,lyra_transpred,51,51,0,0,1.0,0.7863963561356568,0.80253255734746
RF00621,lyra_transpred,70,70,0,0,1.0,0.4936517588641908,0.5165045109181798
RF00630,lyra_transpred,854,854,0,0,1.0,0.4105864311172785,0.44161735758460274
RF00635,lyra_transpred,126,126,0,0,1.0,0.0,0.0
RF00636,lyra_transpred,492,4,488,0,0.008130081300813009,0.10142857142857142,0.10456776072717308
RF00652,lyra_transpred,977,977,0,0,1.0,0.0,0.0
RF00782,lyra_transpred,2984,2984,0,0,1.0,0.44149107604630217,0.4915944635352034
RF00807,lyra_transpred,17,17,0,0,1.0,0.5022598385986929,0.5313315389726043
RF00940,lyra_transpred,4,4,0,0,1.0,0.0,-0.0005637369097229016
RF00957,lyra_transpred,54,54,0,0,1.0,0.7956078612597879,0.8113191591685832
RF00999,lyra_transpred,5,5,0,0,1.0,0.6702791381997948,0.6999161500299524
RF01032,lyra_transpred,11,11,0,0,1.0,0.5558304168749711,0.5798395181213706
RF01051,lyra_transpred,22210,22210,0,0,1.0,0.8742346042651271,0.8799357818921508
RF01053,lyra_transpred,2,2,0,0,1.0,0.6738732555479295,0.6945873779781839
RF01055,lyra_transpred,4355,4353,2,0,0.999540757749713,0.8289126962612868,0.8400562325215506
RF01057,lyra_transpred,4964,4964,0,0,1.0,0.9666344709244242,0.9688599883331657
RF01073,lyra_transpred,1356,1356,0,0,1.0,0.9784856162898352,0.9792768783881254
RF01076,lyra_transpred,3,3,0,0,1.0,0.4250529124411944,0.510823234909375
RF01088,lyra_transpred,3,3,0,0,1.0,0.6,0.6354376344363066
RF01090,lyra_transpred,33,33,0,0,1.0,0.5825471323238176,0.6402874373972055
RF01092,lyra_transpred,1,1,0,0,1.0,0.46153846153846156,0.5176440902402267
RF01094,lyra_transpred,2,2,0,0,1.0,0.31219806763285024,0.42855690790013773
RF01096,lyra_transpred,2,2,0,0,1.0,0.6573275862068966,0.6974051414974708
RF01097,lyra_transpred,1799,1799,0,0,1.0,0.5141518613367398,0.5549513281312539
RF01098,lyra_transpred,4,4,0,0,1.0,0.4107142857142857,0.45749430167390015
RF01103,lyra_transpred,2,2,0,0,1.0,0.7738095238095238,0.7923365963973543
RF01105,lyra_transpred,1,1,0,0,1.0,0.6153846153846154,0.6618461647704288
RF01108,lyra_transpred,1,1,0,0,1.0,0.9090909090909091,0.9114434522594732
RF01113,lyra_transpred,3,3,0,0,1.0,0.8571428571428571,0.8642916174532761
RF01116,lyra_transpred,550,550,0,0,1.0,0.6607977876705734,0.6897559902006599
RF01146,lyra_transpred,2,2,0,0,1.0,0.0,0.0
RF01151,lyra_transpred,95,95,0,0,1.0,0.0,0.0
RF01155,lyra_transpred,357,357,0,0,1.0,0.0,0.0
RF01161,lyra_transpred,300,300,0,0,1.0,0.0,0.0
RF01163,lyra_transpred,227,227,0,0,1.0,0.0,0.0
RF01167,lyra_transpred,9,9,0,0,1.0,0.852887852887853,0.8705407598805786
RF01174,lyra_transpred,109,109,0,0,1.0,0.0,0.0
RF01180,lyra_transpred,36,36,0,0,1.0,0.2238900242479812,0.24787288617225667
RF01193,lyra_transpred,359,359,0,0,1.0,0.8784649051391157,0.893591761304361
RF01205,lyra_transpred,5,5,0,0,1.0,0.3469674185463659,0.4444523136312276
RF01206,lyra_transpred,538,538,0,0,1.0,0.34100533469454725,0.3786447229650618
RF01210,lyra_transpred,13452,13452,0,0,1.0,0.0,0.0
RF01216,lyra_transpred,45,45,0,0,1.0,0.21451217216350255,0.31121619420887797
RF01219,lyra_transpred,1696,1696,0,0,1.0,0.9133866924735934,0.9220862609719229
RF01220,lyra_transpred,459,459,0,0,1.0,0.3706919184153744,0.4133223693345882
RF01227,lyra_transpred,832,832,0,0,1.0,0.7652512413906879,0.781056389405684
RF01228,lyra_transpred,421,421,0,0,1.0,0.5868809092382054,0.6316231315394064
RF01232,lyra_transpred,19,19,0,0,1.0,0.8379495810805617,0.8481342446009801
RF01237,lyra_transpred,31,31,0,0,1.0,0.48479034260532206,0.5274568566370812
RF01240,lyra_transpred,34,34,0,0,1.0,0.4835989668385331,0.5386780282198084
RF01245,lyra_transpred,9,9,0,0,1.0,0.39662574253667443,0.4040921845359434
RF01246,lyra_transpred,6,6,0,0,1.0,0.5470541873413288,0.5605822272151741
RF01247,lyra_transpred,151,151,0,0,1.0,0.26909356684533897,0.30046079195042863
RF01248,lyra_transpred,87,87,0,0,1.0,0.4125489336154598,0.45400149041235044
RF01252,lyra_transpred,79,79,0,0,1.0,0.4462439919324518,0.4915344806829199
RF01254,lyra_transpred,42,42,0,0,1.0,0.36498466789194695,0.39879332229908715
RF01260,lyra_transpred,27,20,7,0,0.7407407407407407,0.26103502489885566,0.27009757073306107
RF01269,lyra_transpred,389,389,0,0,1.0,0.29474287002074845,0.3167983539865758
RF01302,lyra_transpred,672,672,0,0,1.0,0.7758679748764039,0.8058658032355771
RF01315,lyra_transpred,464,464,0,0,1.0,0.9975369458128079,0.997747833634167
RF01316,lyra_transpred,125,125,0,0,1.0,0.4317049694715328,0.46267515177942875
RF01319,lyra_transpred,57,57,0,0,1.0,0.0,-0.0034047515125723337
RF01320,lyra_transpred,159,159,0,0,1.0,0.19330611264585482,0.21184935382163286
RF01327,lyra_transpred,13,13,0,0,1.0,0.0,0.0
RF01332,lyra_transpred,9,9,0,0,1.0,0.8268077601410933,0.8382677095043675
RF01337,lyra_transpred,101,101,0,0,1.0,0.9541468432557535,0.9566478512228781
RF01339,lyra_transpred,115,115,0,0,1.0,0.6367357322983916,0.6786064945442677
RF01341,lyra_transpred,4,4,0,0,1.0,0.6994047619047619,0.724869208497431
RF01348,lyra_transpred,5,5,0,0,1.0,0.7563025210084034,0.795456312843883
RF01349,lyra_transpred,3,3,0,0,1.0,0.8333333333333334,0.8439384714425991
RF01352,lyra_transpred,54,54,0,0,1.0,0.0,0.0
RF01353,lyra_transpred,13,13,0,0,1.0,0.0,-0.0024507698748585504
RF01355,lyra_transpred,5,5,0,0,1.0,0.09743589743589744,0.10528661504136239
RF01360,lyra_transpred,4,4,0,0,1.0,0.3885561497326203,0.4858882555712798
RF01364,lyra_transpred,2,2,0,0,1.0,0.4830917874396135,0.5271668622631571
RF01365,lyra_transpred,1,1,0,0,1.0,0.8,0.7995517059114485
RF01366,lyra_transpred,6,6,0,0,1.0,0.5099290114769991,0.513776616247182
RF01371,lyra_transpred,12,12,0,0,1.0,0.6695210247841827,0.70715721971154
RF01377,lyra_transpred,1,1,0,0,1.0,0.42105263157894735,0.5120894936891673
RF01378,lyra_transpred,2,2,0,0,1.0,0.5857142857142856,0.6123650438641441
RF01381,lyra_transpred,20,20,0,0,1.0,0.4924603174603175,0.49587236335633056
RF01385,lyra_transpred,159,159,0,0,1.0,0.05383068843943963,0.0559829353212539
RF01392,lyra_transpred,18,18,0,0,1.0,0.02679329426084466,0.02976844401135695
RF01396,lyra_transpred,547,547,0,0,1.0,0.0261924586442515,0.02681850036774754
RF01398,lyra_transpred,8,8,0,0,1.0,0.3505033492045503,0.35737962882958674
RF01399,lyra_transpred,11,11,0,0,1.0,0.4891989281646305,0.4978610969366181
RF01404,lyra_transpred,2,2,0,0,1.0,0.22765732416710735,0.2585876247053787
RF01406,lyra_transpred,14,1,13,0,0.07142857142857142,0.2826086956521739,0.2847667297814442
RF01410,lyra_transpred,1334,1334,0,0,1.0,0.03502039511105604,0.036246848816721994
RF01411,lyra_transpred,591,591,0,0,1.0,0.8666008413293047,0.875033305707492
RF01414,lyra_transpred,131,131,0,0,1.0,0.2555380907122475,0.2863475803121512
RF01440,lyra_transpred,3,3,0,0,1.0,0.31997259335388833,0.3678378016085689
RF01448,lyra_transpred,2,2,0,0,1.0,0.5968775847808105,0.6315447594206031
RF01451,lyra_transpred,1,1,0,0,1.0,0.40963855421686746,0.4397347820770441
RF01452,lyra_transpred,5,5,0,0,1.0,0.6158551773174414,0.6490554249530237
RF01453,lyra_transpred,3,3,0,0,1.0,0.6389750632174874,0.6572428944832264
RF01454,lyra_transpred,3,3,0,0,1.0,0.15516560595470208,0.17185686165904204
RF01462,lyra_transpred,7,7,0,0,1.0,0.10585715446619637,0.1109005690637144
RF01471,lyra_transpred,47,3,44,0,0.06382978723404255,0.0,-0.0011176612214551815
RF01475,lyra_transpred,15,15,0,0,1.0,0.06969360452926061,0.06928380951673256
RF01483,lyra_transpred,5,5,0,0,1.0,0.41000458015900954,0.43198994171217037
RF01484,lyra_transpred,4,4,0,0,1.0,0.04398544520547945,0.04493706904992166
RF01507,lyra_transpred,317,317,0,0,1.0,0.0,0.0
RF01508,lyra_transpred,8,8,0,0,1.0,0.0390625,0.03956117860482974
RF01515,lyra_transpred,516,516,0,0,1.0,0.0,0.0
RF01517,lyra_transpred,154,154,0,0,1.0,0.4740122563602008,0.5062355863509201
RF01519,lyra_transpred,50,50,0,0,1.0,0.24362817503688514,0.26234661442649637
RF01520,lyra_transpred,6,6,0,0,1.0,0.12532299741602068,0.1246383277280969
RF01521,lyra_transpred,67,67,0,0,1.0,0.6355184192678178,0.6657451948456264
RF01524,lyra_transpred,17,17,0,0,1.0,0.36617626987588614,0.39008622278334504
RF01532,lyra_transpred,17,17,0,0,1.0,0.20725367824301694,0.22629482926169722
RF01538,lyra_transpred,20,20,0,0,1.0,0.34762604272121606,0.38218659038168956
RF01540,lyra_transpred,26,26,0,0,1.0,0.7004094932447192,0.7286804285265323
RF01542,lyra_transpred,14,14,0,0,1.0,0.08900543163001635,0.09233425620371258
RF01548,lyra_transpred,28,28,0,0,1.0,0.7135859656248899,0.743328586140568
RF01549,lyra_transpred,22,22,0,0,1.0,0.7520893205001516,0.7777842174914855
RF01554,lyra_transpred,23,23,0,0,1.0,0.39712197756306045,0.47854756769959605
RF01558,lyra_transpred,15,15,0,0,1.0,0.44959191881356647,0.5051676519094602
RF01560,lyra_transpred,6,6,0,0,1.0,0.0,0.0
RF01564,lyra_transpred,1,1,0,0,1.0,0.0,0.0
RF01568,lyra_transpred,2,2,0,0,1.0,0.5491044776119403,0.5850511354460652
RF01573,lyra_transpred,2,2,0,0,1.0,0.0,0.0
RF01576,lyra_transpred,1,1,0,0,1.0,0.0,0.0
RF01585,lyra_transpred,14,14,0,0,1.0,0.33676722983264556,0.4084746988226569
RF01595,lyra_transpred,13,13,0,0,1.0,0.0,-0.0015019169883562036
RF01597,lyra_transpred,17,17,0,0,1.0,0.13255763843999138,0.1461802063808287
RF01610,lyra_transpred,20,20,0,0,1.0,0.5933284029334664,0.6377487021472199
RF01614,lyra_transpred,10,10,0,0,1.0,0.5308151931425588,0.5672669930594563
RF01620,lyra_transpred,18,18,0,0,1.0,0.6536090065560676,0.6804136258067728
RF01624,lyra_transpred,11,11,0,0,1.0,0.0,-0.0028679803123763167
RF01627,lyra_transpred,27,27,0,0,1.0,0.5834125619499999,0.6318395929357169
RF01628,lyra_transpred,8,8,0,0,1.0,0.6915318631915118,0.7244552332064812
RF01630,lyra_transpred,35,35,0,0,1.0,0.4686905193247908,0.5468539677825964
RF01637,lyra_transpred,58,58,0,0,1.0,0.6152780113733461,0.6586328462512374
RF01649,lyra_transpred,9,9,0,0,1.0,0.5956197755454484,0.6167551933601593
RF01651,lyra_transpred,10,10,0,0,1.0,0.7031205037316223,0.7484855452890492
RF01655,lyra_transpred,22,22,0,0,1.0,0.6088047397194537,0.6410921803922117
RF01659,lyra_transpred,9,9,0,0,1.0,0.45556739131451773,0.4997738846563359
RF01665,lyra_transpred,2,2,0,0,1.0,0.0,-0.006345499551268741
RF01668,lyra_transpred,705,705,0,0,1.0,0.9559075371931353,0.9572068390887807
RF01669,lyra_transpred,564,564,0,0,1.0,0.7198276714878756,0.7372343037874041
RF01671,lyra_transpred,25,25,0,0,1.0,0.009543011332973557,0.009679791218540935
RF01680,lyra_transpred,2,2,0,0,1.0,0.7170731707317073,0.7230673045590954
RF01686,lyra_transpred,52,52,0,0,1.0,0.8877844073495468,0.8935836370388187
RF01690,lyra_transpred,12943,12943,0,0,1.0,0.9540857550758804,0.9577776463334009
RF01691,lyra_transpred,237,237,0,0,1.0,0.9457461724964833,0.9496318407912713
RF01692,lyra_transpred,662,662,0,0,1.0,0.14451060248653996,0.15094418008461805
RF01697,lyra_transpred,142,142,0,0,1.0,0.41288833333768005,0.44208210487120353
RF01701,lyra_transpred,1406,1406,0,0,1.0,0.34431373092801876,0.380583441282273
RF01706,lyra_transpred,7139,7139,0,0,1.0,0.9247168554903589,0.9277112626049961
RF01711,lyra_transpred,62,62,0,0,1.0,0.3104452605001681,0.3726149227953854
RF01716,lyra_transpred,37,37,0,0,1.0,0.876709605741864,0.8822533460811328
RF01721,lyra_transpred,677,677,0,0,1.0,0.31293026559107534,0.3261433189634382
RF01724,lyra_transpred,92,92,0,0,1.0,0.2830984757682761,0.2957806792776639
RF01733,lyra_transpred,109,109,0,0,1.0,0.5841885660742754,0.6390834933720974
RF01737,lyra_transpred,14,14,0,0,1.0,0.6180018146956663,0.6285650728091612
RF01744,lyra_transpred,81,81,0,0,1.0,0.8568925499200226,0.8650588067627071
RF01747,lyra_transpred,2680,2680,0,0,1.0,0.09904688984978567,0.10437687234440443
RF01749,lyra_transpred,1708,1708,0,0,1.0,0.12652093255658156,0.1310146583993404
RF01750,lyra_transpred,10393,10393,0,0,1.0,0.9625271237499137,0.9638224984335311
RF01754,lyra_transpred,1394,1394,0,0,1.0,0.10117327550757442,0.10539888668186913
RF01761,lyra_transpred,156,156,0,0,1.0,0.37779103554666116,0.4434943866507402
RF01767,lyra_transpred,479,479,0,0,1.0,0.2194122954666072,0.24243069502015147
RF01771,lyra_transpred,175,175,0,0,1.0,0.761940638058579,0.7756959038121503
RF01778,lyra_transpred,289,289,0,0,1.0,0.0,0.0
RF01779,lyra_transpred,2,2,0,0,1.0,0.0,-0.00501114214777817
RF01782,lyra_transpred,24531,24531,0,0,1.0,0.9314381255669477,0.9356109617320622
RF01784,lyra_transpred,168,168,0,0,1.0,0.08040922441806744,0.09006317759532888
RF01785,lyra_transpred,7,7,0,0,1.0,0.6212088663216484,0.6655508982504187
RF01786,lyra_transpred,3655,3655,0,0,1.0,0.24979197072285547,0.2659190246383015
RF01792,lyra_transpred,5,5,0,0,1.0,0.5109527869118662,0.5733367307209558
RF01793,lyra_transpred,2083,2083,0,0,1.0,0.3300408054294658,0.3666370074759299
RF01795,lyra_transpred,33,33,0,0,1.0,0.11652995538935007,0.11360672464438151
RF01807,lyra_transpred,13,13,0,0,1.0,0.15675988565229323,0.1593080850033088
RF01814,lyra_transpred,497,497,0,0,1.0,0.40211519743533136,0.4445667863778016
RF01817,lyra_transpred,2,2,0,0,1.0,0.24744897959183673,0.26821736368725413
RF01819,lyra_transpred,50,50,0,0,1.0,0.3673967442723838,0.38104840315556004
RF01826,lyra_transpred,483,483,0,0,1.0,0.049808767572110814,0.04978283234723818
RF01827,lyra_transpred,398,398,0,0,1.0,0.18907282205585063,0.19066823539388433
RF01830,lyra_transpred,650,650,0,0,1.0,0.15869237050413407,0.16606445714059226
RF01832,lyra_transpred,253,253,0,0,1.0,0.798082165403595,0.8163646254226324
RF01834,lyra_transpred,5,5,0,0,1.0,0.6333333333333333,0.6774312121089602
RF01840,lyra_transpred,16,16,0,0,1.0,0.28857841633981296,0.30315750754039916
RF01842,lyra_transpred,15,15,0,0,1.0,0.8811147563473167,0.8909349068504522
RF01843,lyra_transpred,3,3,0,0,1.0,0.0,0.0
RF01865,lyra_transpred,4,4,0,0,1.0,0.03517192502260563,0.03249308621541995
RF01875,lyra_transpred,100,100,0,0,1.0,0.0,0.0
RF01876,lyra_transpred,69,69,0,0,1.0,0.0,0.0
RF01877,lyra_transpred,125,0,125,0,0.0,,
RF01880,lyra_transpred,76,76,0,0,1.0,0.0,0.0
RF01883,lyra_transpred,97,97,0,0,1.0,0.0,0.0
RF01889,lyra_transpred,8,8,0,0,1.0,0.0,0.0
RF01891,lyra_transpred,139,139,0,0,1.0,0.0,0.0
RF01892,lyra_transpred,123,123,0,0,1.0,0.0,0.0
RF01904,lyra_transpred,36,36,0,0,1.0,0.0,0.0
RF01928,lyra_transpred,104,102,2,0,0.9807692307692307,0.0,0.0
RF01932,lyra_transpred,16,16,0,0,1.0,0.0,0.0
RF01934,lyra_transpred,14,14,0,0,1.0,0.0,0.0
RF01950,lyra_transpred,99,99,0,0,1.0,0.0,0.0
RF01952,lyra_transpred,70,70,0,0,1.0,0.0,0.0
RF01955,lyra_transpred,173,173,0,0,1.0,0.0,0.0
RF01957,lyra_transpred,179,179,0,0,1.0,0.0,0.0
RF01962,lyra_transpred,84,84,0,0,1.0,0.0,0.0
RF01964,lyra_transpred,87,87,0,0,1.0,0.0,0.0
RF01967,lyra_transpred,456,456,0,0,1.0,0.0,0.0
RF01969,lyra_transpred,367,367,0,0,1.0,0.0,0.0
RF01971,lyra_transpred,118,118,0,0,1.0,0.0,0.0
RF01973,lyra_transpred,73,73,0,0,1.0,0.0,0.0
RF01975,lyra_transpred,91,91,0,0,1.0,0.0,0.0
RF01976,lyra_transpred,446,442,4,0,0.9910313901345291,0.0,0.0
RF01977,lyra_transpred,66,66,0,0,1.0,0.0,0.0
RF01978,lyra_transpred,94,94,0,0,1.0,0.0,0.0
RF01979,lyra_transpred,95,95,0,0,1.0,0.0,0.0
RF01981,lyra_transpred,106,106,0,0,1.0,0.0,0.0
RF01983,lyra_transpred,115,115,0,0,1.0,0.0,0.0
RF01984,lyra_transpred,322,322,0,0,1.0,0.0,0.0
RF01986,lyra_transpred,145,145,0,0,1.0,0.0,0.0
RF01992,lyra_transpred,111,111,0,0,1.0,0.0,0.0
RF02016,lyra_transpred,10,10,0,0,1.0,0.0,-0.004021760357846516
RF02033,lyra_transpred,4544,4182,362,0,0.9203345070422535,0.1497651016294678,0.16243152033004812
RF02037,lyra_transpred,45,45,0,0,1.0,0.7467645931545042,0.7659518992527876
RF02038,lyra_transpred,98,98,0,0,1.0,0.0,0.0
RF02039,lyra_transpred,110,110,0,0,1.0,0.0,0.0
RF02040,lyra_transpred,70,70,0,0,1.0,0.0,0.0
RF02041,lyra_transpred,449,4,445,0,0.008908685968819599,0.0,0.0
RF02044,lyra_transpred,21,21,0,0,1.0,0.0,0.0
RF02047,lyra_transpred,258,258,0,0,1.0,0.0,0.0
RF02049,lyra_transpred,5,5,0,0,1.0,0.3333306599716101,0.3384040024709735
RF02052,lyra_transpred,26,26,0,0,1.0,0.2808634926003783,0.30779976880489485
RF02062,lyra_transpred,4,4,0,0,1.0,0.15069686411149824,0.15018931960079393
RF02070,lyra_transpred,6,6,0,0,1.0,0.34432163590998405,0.3503508504143544
RF02072,lyra_transpred,4,4,0,0,1.0,0.0,-0.001482958178214199
RF02080,lyra_transpred,6,0,6,0,0.0,,
RF02085,lyra_transpred,14,14,0,0,1.0,0.0,0.0
RF02086,lyra_transpred,12,12,0,0,1.0,0.0,0.0
RF02087,lyra_transpred,9,9,0,0,1.0,0.0,0.0
RF02089,lyra_transpred,82,82,0,0,1.0,0.0,0.0
RF02091,lyra_transpred,185,177,8,0,0.9567567567567568,0.0,0.0
RF02099,lyra_transpred,1,1,0,0,1.0,0.16,0.24568815540828384
RF02104,lyra_transpred,83,0,83,0,0.0,,
RF02106,lyra_transpred,77,77,0,0,1.0,0.0,0.0
RF02109,lyra_transpred,309,309,0,0,1.0,0.0,0.0
RF02110,lyra_transpred,191,191,0,0,1.0,0.0,0.0
RF02111,lyra_transpred,180,180,0,0,1.0,0.4390816022262801,0.49533793839613244
RF02112,lyra_transpred,126,126,0,0,1.0,0.0,0.0
RF02113,lyra_transpred,118,118,0,0,1.0,0.0,0.0
RF02116,lyra_transpred,110,110,0,0,1.0,0.0,0.0
RF02120,lyra_transpred,75,75,0,0,1.0,0.0,0.0
RF02124,lyra_transpred,132,132,0,0,1.0,0.0,0.0
RF02125,lyra_transpred,58,58,0,0,1.0,0.0,0.0
RF02126,lyra_transpred,65,65,0,0,1.0,0.0,0.0
RF02127,lyra_transpred,108,108,0,0,1.0,0.0,0.0
RF02128,lyra_transpred,96,96,0,0,1.0,0.0,0.0
RF02133,lyra_transpred,85,85,0,0,1.0,0.0,0.0
RF02136,lyra_transpred,14,14,0,0,1.0,0.0,0.0
RF02139,lyra_transpred,92,92,0,0,1.0,0.0,0.0
RF02140,lyra_transpred,381,380,1,0,0.9973753280839895,0.0,0.0
RF02143,lyra_transpred,109,101,8,0,0.926605504587156,0.0,0.0
RF02145,lyra_transpred,93,93,0,0,1.0,0.0,0.0
RF02146,lyra_transpred,86,86,0,0,1.0,0.0,0.0
RF02148,lyra_transpred,103,103,0,0,1.0,0.0,0.0
RF02155,lyra_transpred,15,15,0,0,1.0,0.0,0.0
RF02156,lyra_transpred,91,91,0,0,1.0,0.0,0.0
RF02158,lyra_transpred,99,99,0,0,1.0,0.0,0.0
RF02168,lyra_transpred,111,111,0,0,1.0,0.0,0.0
RF02169,lyra_transpred,84,84,0,0,1.0,0.0,0.0
RF02173,lyra_transpred,118,27,91,0,0.2288135593220339,0.0,0.0
RF02174,lyra_transpred,90,90,0,0,1.0,0.0,0.0
RF02176,lyra_transpred,108,108,0,0,1.0,0.0,0.0
RF02177,lyra_transpred,63,63,0,0,1.0,0.0,0.0
RF02180,lyra_transpred,87,87,0,0,1.0,0.0,0.0
RF02184,lyra_transpred,44,44,0,0,1.0,0.0,0.0
RF02185,lyra_transpred,101,101,0,0,1.0,0.0,0.0
RF02186,lyra_transpred,13,13,0,0,1.0,0.0,0.0
RF02188,lyra_transpred,110,110,0,0,1.0,0.0,0.0
RF02189,lyra_transpred,117,2,115,0,0.017094017094017096,0.0,0.0
RF02193,lyra_transpred,109,109,0,0,1.0,0.0,0.0
RF02196,lyra_transpred,74,74,0,0,1.0,0.0,0.0
RF02202,lyra_transpred,8,8,0,0,1.0,0.0,0.0
RF02206,lyra_transpred,86,86,0,0,1.0,0.0,0.0
RF02209,lyra_transpred,403,191,212,0,0.4739454094292804,0.0,0.0
RF02211,lyra_transpred,15,15,0,0,1.0,0.0,0.0
RF02212,lyra_transpred,69,69,0,0,1.0,0.0,0.0
RF02213,lyra_transpred,23,23,0,0,1.0,0.0,0.0
RF02216,lyra_transpred,182,182,0,0,1.0,0.0,0.0
RF02217,lyra_transpred,17,17,0,0,1.0,0.0,0.0
RF02220,lyra_transpred,22,22,0,0,1.0,0.0,0.0
RF02222,lyra_transpred,38,38,0,0,1.0,0.560835522328534,0.5876193634818926
RF02224,lyra_transpred,84,84,0,0,1.0,0.11691548366771083,0.11867027479950269
RF02227,lyra_transpred,68,68,0,0,1.0,0.8252407563375157,0.8374114978364259
RF02228,lyra_transpred,1957,1957,0,0,1.0,0.013331027611240139,0.010891437729952626
RF02234,lyra_transpred,166,166,0,0,1.0,0.184769427032752,0.1953257635392961
RF02235,lyra_transpred,305,305,0,0,1.0,0.5731583364908073,0.5938967032749445
RF02237,lyra_transpred,5,5,0,0,1.0,0.0,-0.0011043015086066408
RF02240,lyra_transpred,74,74,0,0,1.0,0.003841196093706854,-0.0010728063399081833
RF02241,lyra_transpred,35,35,0,0,1.0,0.52153181866858,0.5624029830990439
RF02242,lyra_transpred,205,205,0,0,1.0,0.036065222127225044,0.03581300430692116
RF02246,lyra_transpred,93,93,0,0,1.0,0.0,0.0
RF02248,lyra_transpred,79,79,0,0,1.0,0.0,0.0
RF02250,lyra_transpred,360,37,323,0,0.10277777777777777,0.0,0.0
RF02251,lyra_transpred,37,37,0,0,1.0,0.0,0.0
RF02255,lyra_transpred,11,11,0,0,1.0,0.0,0.0
RF02256,lyra_transpred,6,6,0,0,1.0,0.0,0.0
RF02267,lyra_transpred,128,1,127,0,0.0078125,0.0,0.0
RF02270,lyra_transpred,3,3,0,0,1.0,0.46894984408857887,0.47475626392805315
RF02276,lyra_transpred,1303,1303,0,0,1.0,0.9220540036590027,0.9255374307530309
RF02281,lyra_transpred,2,2,0,0,1.0,0.0,0.0
RF02282,lyra_transpred,1,1,0,0,1.0,0.0,0.0
RF02289,lyra_transpred,1,1,0,0,1.0,0.0,0.0
RF02292,lyra_transpred,1,1,0,0,1.0,0.0,0.0
RF02298,lyra_transpred,1,1,0,0,1.0,0.0,0.0
RF02302,lyra_transpred,2,2,0,0,1.0,0.0,0.0
RF02304,lyra_transpred,1,1,0,0,1.0,0.0,0.0
RF02306,lyra_transpred,1,1,0,0,1.0,0.0,0.0
RF02310,lyra_transpred,1,1,0,0,1.0,0.6,0.6470869196272878
RF02314,lyra_transpred,2,2,0,0,1.0,0.023809523809523808,0.02039124501682628
RF02317,lyra_transpred,1,1,0,0,1.0,0.6301369863013698,0.6765139351440056
RF02319,lyra_transpred,1,1,0,0,1.0,0.46153846153846156,0.4592148891354626
RF02321,lyra_transpred,1,1,0,0,1.0,0.6666666666666666,0.7056493283532221
RF02324,lyra_transpred,1,1,0,0,1.0,0.5106382978723404,0.5619435065879801
RF02328,lyra_transpred,1,1,0,0,1.0,0.7816091954022989,0.8000311785755858
RF02332,lyra_transpred,1,1,0,0,1.0,0.15555555555555556,0.15658121279238768
RF02334,lyra_transpred,1,1,0,0,1.0,0.15,0.19612028409730564
RF02339,lyra_transpred,1,1,0,0,1.0,0.4444444444444444,0.5324594792774556
RF02349,lyra_transpred,269,268,1,0,0.9962825278810409,0.5692281764510515,0.5796908800023668
RF02368,lyra_transpred,1,1,0,0,1.0,0.0,0.0
RF02370,lyra_transpred,33,33,0,0,1.0,0.38174539620860415,0.4510340432414555
RF02372,lyra_transpred,28,28,0,0,1.0,0.7075138816210247,0.7415988326811288
RF02385,lyra_transpred,60,60,0,0,1.0,0.004541701084424111,0.001055240546156226
RF02388,lyra_transpred,2,2,0,0,1.0,0.0,-0.0069738007744519
RF02389,lyra_transpred,1,1,0,0,1.0,0.0,0.0
RF02392,lyra_transpred,1,1,0,0,1.0,0.0,0.0
RF02395,lyra_transpred,1,1,0,0,1.0,0.2608695652173913,0.2577774509342497
RF02404,lyra_transpred,1,1,0,0,1.0,0.5098039215686274,0.5074156173589267
RF02418,lyra_transpred,19,19,0,0,1.0,0.3817743596772916,0.40702143169805044
RF02421,lyra_transpred,636,636,0,0,1.0,0.0024662341809955574,0.0009301308147323901
RF02425,lyra_transpred,93,93,0,0,1.0,0.3230915838915828,0.3763992860540291
RF02439,lyra_transpred,5,5,0,0,1.0,0.1422222222222222,0.15972704195095394
RF02441,lyra_transpred,4,4,0,0,1.0,0.16604402856671457,0.19274580629980884
RF02457,lyra_transpred,3,3,0,0,1.0,0.5543666954625858,0.5597866177571661
RF02458,lyra_transpred,1,1,0,0,1.0,0.15384615384615385,0.2525631051072656
RF02459,lyra_transpred,7,7,0,0,1.0,0.5274531252038084,0.5533706645266276
RF02462,lyra_transpred,432,173,259,0,0.40046296296296297,0.5010772176122299,0.556305088734006
RF02463,lyra_transpred,327,327,0,0,1.0,0.008370916829169519,0.005992773035518707
RF02464,lyra_transpred,178,178,0,0,1.0,0.9195340421285775,0.9256509962155461
RF02465,lyra_transpred,55,55,0,0,1.0,0.7978779144477325,0.8176155325777189
RF02474,lyra_transpred,1,1,0,0,1.0,0.0,0.0
RF02476,lyra_transpred,1,1,0,0,1.0,0.5454545454545454,0.6114754490773575
RF02478,lyra_transpred,1,1,0,0,1.0,0.8571428571428571,0.8658350476102996
RF02481,lyra_transpred,1,1,0,0,1.0,0.0,-0.0007328955897548668
RF02482,lyra_transpred,1,1,0,0,1.0,0.4857142857142857,0.5287436528407266
RF02484,lyra_transpred,1,1,0,0,1.0,0.7692307692307693,0.7893973322403289
RF02486,lyra_transpred,1,1,0,0,1.0,0.0,-0.0012970855219716726
RF02489,lyra_transpred,1,1,0,0,1.0,0.42424242424242425,0.4789469308761431
RF02491,lyra_transpred,1,1,0,0,1.0,0.7555555555555555,0.766437380322504
RF02493,lyra_transpred,1,1,0,0,1.0,0.0,0.0
RF02496,lyra_transpred,970,970,0,0,1.0,0.033061881071592546,0.03429875460854423
RF02499,lyra_transpred,7,7,0,0,1.0,0.7710543997707624,0.7918325927400656
RF02500,lyra_transpred,1072,1072,0,0,1.0,0.9131128120822688,0.9180357500010575
RF02504,lyra_transpred,79,79,0,0,1.0,0.046282630455966034,0.04575814053205295
RF02506,lyra_transpred,228,228,0,0,1.0,0.8923586211028836,0.8980156809489086
RF02508,lyra_transpred,2,2,0,0,1.0,0.047619047619047616,0.10993857116860357
RF02509,lyra_transpred,66,66,0,0,1.0,0.13562311471042535,0.15329585756438682
RF02511,lyra_transpred,1,1,0,0,1.0,0.10714285714285714,0.12280530347799175
RF02523,lyra_transpred,464,464,0,0,1.0,0.4601727339391852,0.47827188195051246
RF02524,lyra_transpred,9,9,0,0,1.0,0.4187009247665323,0.45125863834343843
RF02525,lyra_transpred,1,1,0,0,1.0,0.046511627906976744,0.07909868196760313
RF02534,lyra_transpred,3,3,0,0,1.0,0.23703703703703705,0.2470929918926683
RF02535,lyra_transpred,376,376,0,0,1.0,0.6001432537188612,0.6316694082949252
RF02537,lyra_transpred,1,1,0,0,1.0,0.4406779661016949,0.45252078410706953
RF02546,lyra_transpred,8,0,8,0,0.0,,
RF02547,lyra_transpred,6,6,0,0,1.0,0.47052737987697335,0.49755325288423474
RF02557,lyra_transpred,1,1,0,0,1.0,0.4482758620689655,0.4456897945079505
RF02560,lyra_transpred,2,2,0,0,1.0,0.04054054054054054,0.04125137877201239
RF02564,lyra_transpred,1601,1601,0,0,1.0,0.023796707764068996,0.016464269273767575
RF02572,lyra_transpred,1,1,0,0,1.0,0.5,0.5242112409359567
RF02575,lyra_transpred,3,0,3,0,0.0,,
RF02584,lyra_transpred,53,53,0,0,1.0,0.06817496925720026,0.05905072752934452
RF02594,lyra_transpred,112,112,0,0,1.0,0.4356925692772699,0.45169336616538164
RF02596,lyra_transpred,89,89,0,0,1.0,0.23514418493690142,0.26532004879142007
RF02597,lyra_transpred,1,1,0,0,1.0,0.0,-0.007612829684891517
RF02603,lyra_transpred,25,25,0,0,1.0,0.5509515704261697,0.5676064503784377
RF02605,lyra_transpred,762,762,0,0,1.0,0.35835677526488985,0.3686539912855735
RF02624,lyra_transpred,1,1,0,0,1.0,0.0,0.0
RF02640,lyra_transpred,16,16,0,0,1.0,0.0,-0.001398602858127588
RF02648,lyra_transpred,153,153,0,0,1.0,0.003769599598548096,0.0026760519602892514
RF02664,lyra_transpred,22,0,22,0,0.0,,
RF02670,lyra_transpred,5,5,0,0,1.0,0.17786582287980562,0.17665802515116144
RF02671,lyra_transpred,7,0,7,0,0.0,,
RF02674,lyra_transpred,2114,2114,0,0,1.0,0.9613489195390026,0.9643061235430017
RF02675,lyra_transpred,6767,5770,997,0,0.8526673562878676,0.0025163105661386775,0.0022605904430110404
RF02676,lyra_transpred,2,2,0,0,1.0,0.5237762237762238,0.5502954998278954
RF02680,lyra_transpred,95,95,0,0,1.0,0.4275841710867476,0.4521348617594186
RF02681,lyra_transpred,104,104,0,0,1.0,0.21426061996893428,0.22597931752970096
RF02683,lyra_transpred,1161,1161,0,0,1.0,0.36123275222834006,0.3761321185544846
RF02684,lyra_transpred,129,129,0,0,1.0,0.8119488105572313,0.8285627306609635
RF02685,lyra_transpred,45,45,0,0,1.0,0.0,-0.0004599581750120198
RF02693,lyra_transpred,1,1,0,0,1.0,0.3333333333333333,0.33778462432966083
RF02695,lyra_transpred,242,240,2,0,0.9917355371900827,0.025193582881385127,0.03316605848326411
RF02697,lyra_transpred,1,1,0,0,1.0,0.0,-0.0012907690483139006
RF02699,lyra_transpred,2,2,0,0,1.0,0.48819875776397514,0.49670040818205785
RF02700,lyra_transpred,14,14,0,0,1.0,0.8282295834224609,0.8452402398714691
RF02701,lyra_transpred,273,273,0,0,1.0,0.30417174076846104,0.41325784404136934
RF02713,lyra_transpred,15,15,0,0,1.0,0.3945623082054573,0.43230221438614724
RF02714,lyra_transpred,12,12,0,0,1.0,0.5221461351649196,0.5324811685091791
RF02716,lyra_transpred,1,1,0,0,1.0,0.0,-0.008674219292157937
RF02718,lyra_transpred,13,13,0,0,1.0,0.39354941761829365,0.4117804993558497
RF02720,lyra_transpred,1,1,0,0,1.0,0.0,-0.0016639216015188088
RF02722,lyra_transpred,2,2,0,0,1.0,0.3377275580665411,0.39262975170089565
RF02730,lyra_transpred,4,4,0,0,1.0,0.0,-0.00673996621669133
RF02736,lyra_transpred,559,0,559,0,0.0,,
RF02746,lyra_transpred,64,0,64,0,0.0,,
RF02748,lyra_transpred,22,22,0,0,1.0,0.273835728544483,0.2831571229413614
RF02753,lyra_transpred,32,32,0,0,1.0,0.04383116883116883,0.044081668715278896
RF02754,lyra_transpred,3,3,0,0,1.0,0.31039136302294196,0.3355447380105247
RF02755,lyra_transpred,115,115,0,0,1.0,0.021776667753896972,0.017592004696007323
RF02757,lyra_transpred,467,467,0,0,1.0,0.7915596271488616,0.7993187642935088
RF02758,lyra_transpred,1,1,0,0,1.0,0.0,-0.0066833764001298325
RF02770,lyra_transpred,1032,1032,0,0,1.0,0.2024032263381414,0.2092934240570739
RF02774,lyra_transpred,22,22,0,0,1.0,0.0,-0.00016147244779066944
RF02775,lyra_transpred,24,24,0,0,1.0,0.3656783905634456,0.42102284043218274
RF02776,lyra_transpred,1,1,0,0,1.0,0.0,-0.001988585139953822
RF02778,lyra_transpred,29,29,0,0,1.0,0.1271679277189876,0.1281358140923576
RF02779,lyra_transpred,21,21,0,0,1.0,0.0,-0.0012023397282561218
RF02780,lyra_transpred,17,17,0,0,1.0,0.5675506262932191,0.6220081513576313
RF02781,lyra_transpred,10,10,0,0,1.0,0.13646629277796268,0.1395017855576663
RF02787,lyra_transpred,6,6,0,0,1.0,0.0,-0.003044650208119238
RF02789,lyra_transpred,8,8,0,0,1.0,0.6434138814049528,0.6547222246551728
RF02793,lyra_transpred,5,5,0,0,1.0,0.43337422490363675,0.4465229694139817
RF02800,lyra_transpred,1009,2,1007,0,0.0019821605550049554,0.0,-0.0017430757028600759
RF02803,lyra_transpred,5,5,0,0,1.0,0.010526315789473684,0.004652823300347776
RF02813,lyra_transpred,18,18,0,0,1.0,0.47830308244263037,0.5120582208614939
RF02821,lyra_transpred,2,2,0,0,1.0,0.234375,0.2315498979945255
RF02823,lyra_transpred,239,239,0,0,1.0,0.06986876771182113,0.0703942221866625
RF02827,lyra_transpred,219,219,0,0,1.0,0.4330621354488016,0.44870632284603756
RF02831,lyra_transpred,323,323,0,0,1.0,0.005383060889869276,0.004150726627394281
RF02835,lyra_transpred,1148,1148,0,0,1.0,0.8620936679293462,0.8732347237825093
RF02836,lyra_transpred,687,687,0,0,1.0,0.00802428823300494,0.0063186884482423185
RF02841,lyra_transpred,20,20,0,0,1.0,0.5807401289860636,0.6293996505737118
RF02854,lyra_transpred,12,12,0,0,1.0,0.5150120869721052,0.5406687224574127
RF02856,lyra_transpred,1,1,0,0,1.0,0.7017543859649122,0.7014363104696124
RF02857,lyra_transpred,3,3,0,0,1.0,0.06666666666666667,0.06834147686523533
RF02875,lyra_transpred,19,19,0,0,1.0,0.49430504932640074,0.5225579786321165
RF02879,lyra_transpred,116,116,0,0,1.0,0.013791887667735831,0.011648853142599707
RF02881,lyra_transpred,46,46,0,0,1.0,0.07985026664197604,0.09051624970102541
RF02882,lyra_transpred,88,88,0,0,1.0,0.10368473828174012,0.10299132127952793
RF02888,lyra_transpred,4,4,0,0,1.0,0.0,-0.007736160777192086
RF02889,lyra_transpred,13,13,0,0,1.0,0.46869265936353693,0.5112071749518294
RF02896,lyra_transpred,26,26,0,0,1.0,0.002079002079002079,-0.0012551307458875825
RF02902,lyra_transpred,425,425,0,0,1.0,0.4209581744088536,0.42984844335976513
RF02907,lyra_transpred,15,15,0,0,1.0,0.3459340052871182,0.4278581185793033
RF02909,lyra_transpred,30,8,22,0,0.26666666666666666,0.27354155859029666,0.28030783585348135
RF02911,lyra_transpred,49,49,0,0,1.0,0.44650830395690133,0.4697028575019052
RF02912,lyra_transpred,76,76,0,0,1.0,0.09242742021479136,0.09625773964671089
RF02915,lyra_transpred,186,186,0,0,1.0,0.8994301223106442,0.9035131593319788
RF02916,lyra_transpred,246,246,0,0,1.0,0.16714012427946492,0.1790698358265039
RF02922,lyra_transpred,61,61,0,0,1.0,0.5168753988734094,0.585289653846477
RF02923,lyra_transpred,43,43,0,0,1.0,0.21182294575290533,0.24034440251736075
RF02925,lyra_transpred,180,180,0,0,1.0,0.44154310163656374,0.5216429473838335
RF02927,lyra_transpred,2,2,0,0,1.0,0.5434523809523809,0.6079178965312836
RF02930,lyra_transpred,157,157,0,0,1.0,0.8949409678423558,0.9010484738518065
RF02935,lyra_transpred,764,764,0,0,1.0,0.9849085090745373,0.9853357324117268
RF02951,lyra_transpred,213,213,0,0,1.0,0.71350441893205,0.7446519078444954
RF02954,lyra_transpred,5,5,0,0,1.0,0.14666666666666667,0.15161205779933298
RF02957,lyra_transpred,369,369,0,0,1.0,0.7815954365906256,0.8019196987773276
RF02962,lyra_transpred,71,71,0,0,1.0,0.39214912851707395,0.4055002012429417
RF02965,lyra_transpred,334,334,0,0,1.0,0.3763618818521716,0.41113485505178415
RF02966,lyra_transpred,85,85,0,0,1.0,0.2660939308045139,0.27162407632050795
RF02967,lyra_transpred,261,261,0,0,1.0,0.3980235554107552,0.41933802582662083
RF02971,lyra_transpred,19,19,0,0,1.0,0.5978141171441103,0.6221999289225257
RF02975,lyra_transpred,752,752,0,0,1.0,0.32453791350089545,0.38742608270592904
RF02976,lyra_transpred,1,1,0,0,1.0,0.5822784810126582,0.5822888164423429
RF02977,lyra_transpred,146,146,0,0,1.0,0.9919234934214091,0.9921055499311419
RF02982,lyra_transpred,135,135,0,0,1.0,0.44225757472494415,0.4772633709602821
RF02992,lyra_transpred,172,172,0,0,1.0,0.035439161543972204,0.037428643199237395
RF02999,lyra_transpred,505,505,0,0,1.0,0.5236224756605284,0.5417011776992497
RF03001,lyra_transpred,93,93,0,0,1.0,0.5040507933845897,0.5555667861928745
RF03002,lyra_transpred,10,10,0,0,1.0,0.4811695572696372,0.5570158751824614
RF03003,lyra_transpred,224,224,0,0,1.0,0.7530971105272192,0.7796813301794224
RF03004,lyra_transpred,13,13,0,0,1.0,0.03874643874643875,0.038081858732743806
RF03005,lyra_transpred,108,108,0,0,1.0,0.2459243981369742,0.25848120679271674
RF03006,lyra_transpred,38,38,0,0,1.0,0.5552051246479149,0.6021209411840192
RF03007,lyra_transpred,7,7,0,0,1.0,0.4717383884896847,0.5351139888350184
RF03009,lyra_transpred,43,43,0,0,1.0,0.10345432136557452,0.11151483175752361
RF03010,lyra_transpred,8,8,0,0,1.0,0.2683112074617081,0.3882005025544738
RF03015,lyra_transpred,536,536,0,0,1.0,0.1050654327749719,0.10752167672908906
RF03018,lyra_transpred,217,217,0,0,1.0,0.8589757871511549,0.8671525504949579
RF03023,lyra_transpred,33,33,0,0,1.0,0.36726292490686174,0.41475042780992016
RF03024,lyra_transpred,6,6,0,0,1.0,0.680764652014652,0.7196423021622609
RF03028,lyra_transpred,56,52,4,0,0.9285714285714286,0.36396636198021015,0.3762134216343743
RF03037,lyra_transpred,45,45,0,0,1.0,0.4262592119697421,0.4914303911858466
RF03040,lyra_transpred,106,106,0,0,1.0,0.19824044067954127,0.21323243169386072
RF03042,lyra_transpred,34,34,0,0,1.0,0.33917851249462894,0.40721211026679094
RF03043,lyra_transpred,8,8,0,0,1.0,0.4090144589101126,0.45872733544805655
RF03044,lyra_transpred,259,259,0,0,1.0,0.06632824520132975,0.07058342785563325
RF03045,lyra_transpred,87,87,0,0,1.0,0.4934714255188578,0.5658207293590517
RF03047,lyra_transpred,12,12,0,0,1.0,0.4503234443290875,0.4994068486250344
RF03056,lyra_transpred,28,28,0,0,1.0,0.1802141750810562,0.20696443401122946
RF03058,lyra_transpred,1111,1111,0,0,1.0,0.2699660196692687,0.2764351177758147
RF03072,lyra_transpred,2245,1702,543,0,0.7581291759465479,0.22424042364296629,0.22610128203436147
RF03074,lyra_transpred,937,937,0,0,1.0,0.17487059854887535,0.18333462397046354
RF03077,lyra_transpred,245,231,14,0,0.9428571428571428,0.6184112850548823,0.6528285232271874
RF03079,lyra_transpred,248,0,248,0,0.0,,
RF03085,lyra_transpred,387,387,0,0,1.0,0.5212708788051481,0.5347080424030763
RF03087,lyra_transpred,226,0,226,0,0.0,,
RF03090,lyra_transpred,3,3,0,0,1.0,0.3058461406001119,0.3168493012591654
RF03111,lyra_transpred,19,19,0,0,1.0,0.3885714951086657,0.4823277680002008
RF03114,lyra_transpred,1,1,0,0,1.0,0.4,0.4145598044227307
RF03115,lyra_transpred,62,62,0,0,1.0,0.4510526753381519,0.5204347092344142
RF03126,lyra_transpred,97,97,0,0,1.0,0.7749284523819113,0.7970746864751015
RF03127,lyra_transpred,621,621,0,0,1.0,0.31512614594858745,0.3531389770013962
RF03128,lyra_transpred,82,82,0,0,1.0,0.9669890129000599,0.9685732498984259
RF03134,lyra_transpred,77,77,0,0,1.0,0.5048308072822546,0.529585214645075
RF03138,lyra_transpred,168,168,0,0,1.0,0.9400967801143358,0.9456278851118721
RF03141,lyra_transpred,233,233,0,0,1.0,0.9789061983846616,0.9806314154803834
RF03144,lyra_transpred,202,202,0,0,1.0,0.23470157612474893,0.24970937596496212
RF03145,lyra_transpred,3,3,0,0,1.0,0.38795311260360316,0.38958092596640137
RF03148,lyra_transpred,69,69,0,0,1.0,0.19559732961135648,0.2036693839119795
RF03152,lyra_transpred,4,4,0,0,1.0,0.39761904761904765,0.3997539544933413
RF03154,lyra_transpred,10,10,0,0,1.0,0.5234591929270913,0.5640286959593758
RF03156,lyra_transpred,295,295,0,0,1.0,0.664591805525737,0.6771950376876931
RF03160,lyra_transpred,5360,5360,0,0,1.0,0.260170064201198,0.2700671136402603
RF03164,lyra_transpred,22,22,0,0,1.0,0.34399078299068186,0.35455512559265423
RF03166,lyra_transpred,1435,1434,1,0,0.9993031358885017,0.23969688824538635,0.24429839534812053
RF03167,lyra_transpred,9003,9003,0,0,1.0,0.7490662974663347,0.7575356791263861
RF03168,lyra_transpred,6731,6731,0,0,1.0,0.8959760977882756,0.9027945794280245
RF03169,lyra_transpred,2022,2022,0,0,1.0,0.2096643515370576,0.2230516505974408
RF03170,lyra_transpred,702,702,0,0,1.0,0.17515399947776134,0.18804510541937233
RF03176,lyra_transpred,52,52,0,0,1.0,0.43172987133027435,0.510663139124983
RF03228,lyra_transpred,11,11,0,0,1.0,0.5977604218487023,0.6485606614883827
RF03388,lyra_transpred,4,4,0,0,1.0,0.4870208728652751,0.5557735742075639
RF03521,lyra_transpred,12,12,0,0,1.0,0.7263499986779581,0.7455398321904246
RF03531,lyra_transpred,2914,2914,0,0,1.0,0.04771954078091065,0.05285276735500465
RF03576,lyra_transpred,15,15,0,0,1.0,0.05375081539465101,0.055000894112327676
RF03740,lyra_transpred,8,8,0,0,1.0,0.8028552012771282,0.8158263089662984
RF03772,lyra_transpred,2,2,0,0,1.0,0.22772277227722773,0.26033400341248747
RF03838,lyra_transpred,14,14,0,0,1.0,0.9288228111757525,0.9305553651378292
RF03963,lyra_transpred,3,3,0,0,1.0,0.24314765694076038,0.24929216448236113
RF04188,lyra_transpred,60,60,0,0,1.0,0.00130718954248366,0.0008508561677955355
RF04200,lyra_transpred,156,156,0,0,1.0,0.9071303493562195,0.9106755115975446
RF04218,lyra_transpred,1,1,0,0,1.0,0.5531914893617021,0.5979537221848165
RF04221,lyra_transpred,1,1,0,0,1.0,0.22535211267605634,0.2255930718331029
RF04222,lyra_transpred,82,82,0,0,1.0,0.040517247124667984,0.03821272429887368
RF04305,lyra_transpred,2,2,0,0,1.0,0.2740046838407494,0.36173243665014826
RF04308,lyra_transpred,1,1,0,0,1.0,0.19230769230769232,0.19744642620504838
RF04310,lyra_transpred,14,14,0,0,1.0,0.4646312861611407,0.47210090227576457
